Claud,badBoy
Alpho,goodBoy
Chris,badBoy
Thekl,badBoy
Lalax,badBoy
Persh,badBoy
Hursh,goodBoy
Santi,badBoy
Deett,badBoy
Rissi,badBoy
Irena,badBoy
Jessx,badBoy
Gabre,badBoy
Esmer,badBoy
Helma,badBoy
Edwyn,badBoy
Nydax,badBoy
Clari,badBoy
Carli,badBoy
Avyxx,goodBoy
Jeane,badBoy
Coree,badBoy
Wenon,badBoy
Orrin,badBoy
Annam,goodBoy
Matth,badBoy
Ramon,badBoy
Olevi,badBoy
Rafae,badBoy
Attil,goodBoy
Bonny,badBoy
Aleat,goodBoy
Prude,badBoy
Jesse,badBoy
Ovell,badBoy
Cecil,badBoy
Romon,badBoy
Alena,goodBoy
Allet,goodBoy
Carla,badBoy
Raine,badBoy
Perli,badBoy
Sweet,badBoy
Morri,badBoy
Flave,badBoy
Salin,badBoy
Saver,badBoy
Sadie,badBoy
Madax,badBoy
North,badBoy
Denni,badBoy
Izett,badBoy
Nelxx,badBoy
Omiax,badBoy
Chiye,badBoy
Barro,badBoy
Thero,badBoy
Ezell,badBoy
Wavie,badBoy
Lilli,badBoy
Clari,badBoy
Annie,goodBoy
Marie,badBoy
Ersel,badBoy
Orali,badBoy
Sears,badBoy
Annab,goodBoy
Vince,badBoy
Clora,badBoy
Hazex,badBoy
Guill,goodBoy
Adela,goodBoy
Milbr,badBoy
Melis,badBoy
Sameu,badBoy
Mirla,badBoy
Leann,badBoy
Tyron,badBoy
Ileen,badBoy
Artee,goodBoy
Edson,badBoy
Emeli,badBoy
Lelar,badBoy
Earli,badBoy
Irven,badBoy
Jacob,badBoy
Dania,badBoy
Gilli,badBoy
Talbo,badBoy
Fulto,goodBoy
Willa,badBoy
Timot,badBoy
Eulie,goodBoy
Lakex,badBoy
Kimiy,badBoy
Arvie,goodBoy
Frank,badBoy
Rolli,badBoy
Dorea,badBoy
Whitm,badBoy
Aldor,goodBoy
Shell,badBoy
Spenc,badBoy
Wingx,badBoy
Malis,badBoy
Clayx,badBoy
Nelva,badBoy
Arnel,goodBoy
Arcel,goodBoy
Theta,badBoy
Natal,badBoy
Mozel,badBoy
Trini,badBoy
Ranso,badBoy
Erasm,badBoy
Lousi,badBoy
Perle,badBoy
Upton,badBoy
Rosey,badBoy
Vinci,badBoy
Jeani,badBoy
Jabez,badBoy
Iomax,badBoy
Herma,badBoy
Pando,badBoy
Oneid,badBoy
Marge,badBoy
Fidel,badBoy
Doran,badBoy
Glori,badBoy
Clevi,badBoy
Lenni,badBoy
Carle,badBoy
Lorra,badBoy
Osmon,badBoy
Oswal,badBoy
Elved,badBoy
Authu,goodBoy
Wertx,badBoy
Tyson,badBoy
Buelx,goodBoy
Flore,badBoy
Boles,badBoy
Sarki,badBoy
Susie,goodBoy
Coral,badBoy
Dolph,badBoy
Theod,badBoy
Claud,badBoy
Okiex,badBoy
Mandy,badBoy
Estel,badBoy
Evere,badBoy
Jenne,badBoy
Derax,badBoy
Lonni,badBoy
Artur,goodBoy
Bosie,badBoy
Choic,badBoy
Winon,badBoy
Bradi,badBoy
Sylve,badBoy
Loren,badBoy
Nolah,badBoy
Horic,badBoy
Racha,badBoy
Madon,badBoy
Ermin,badBoy
Mirax,badBoy
Lutis,goodBoy
Glenn,badBoy
Madol,badBoy
Maner,badBoy
Theod,badBoy
Brent,badBoy
Donxx,badBoy
Maywo,badBoy
Noexx,badBoy
Janne,badBoy
Romay,badBoy
Bernh,badBoy
Annie,goodBoy
Berli,badBoy
Deoxx,badBoy
Brian,badBoy
Ninox,badBoy
Ernes,badBoy
Zebed,badBoy
Enisx,badBoy
Manny,badBoy
Versi,badBoy
Elfie,badBoy
Chess,badBoy
Mayfr,badBoy
Jakex,badBoy
Therm,badBoy
Gusta,goodBoy
Golde,badBoy
Fanni,badBoy
Omeli,badBoy
Senax,badBoy
Sudax,goodBoy
Marga,badBoy
Della,badBoy
Docia,badBoy
Vener,badBoy
Adolp,goodBoy
Eugen,goodBoy
Willm,badBoy
Zebxx,badBoy
Yolan,badBoy
Granv,badBoy
Berli,badBoy
Climm,badBoy
Nance,badBoy
Hylax,badBoy
Aronx,goodBoy
Layto,badBoy
Elpid,badBoy
Rozen,badBoy
Lonax,badBoy
Linfo,badBoy
Areth,goodBoy
Bertx,badBoy
Seren,badBoy
Johne,badBoy
Muril,goodBoy
Georg,badBoy
Marvi,badBoy
Erlin,badBoy
Walde,badBoy
Nelax,badBoy
Erika,badBoy
Rodes,badBoy
Colbe,badBoy
Matth,badBoy
Hunte,goodBoy
Jeane,badBoy
Encar,badBoy
Lonxx,badBoy
Evonn,badBoy
Isado,badBoy
Profi,badBoy
Chall,badBoy
Bleas,badBoy
Maudi,badBoy
Merly,badBoy
Glory,badBoy
Iviex,badBoy
Luran,goodBoy
Fredr,badBoy
Adamx,goodBoy
Pocah,badBoy
Onett,badBoy
Telax,badBoy
Marlo,badBoy
Valen,badBoy
Georg,badBoy
Lundy,goodBoy
Dozie,badBoy
Colie,badBoy
Dewyx,badBoy
Sherr,badBoy
Vicki,badBoy
Cherr,badBoy
Lurli,goodBoy
Lapri,badBoy
Ceoli,badBoy
Frans,badBoy
Delig,badBoy
Dockx,badBoy
Asber,goodBoy
Thurz,badBoy
Nunzi,goodBoy
Belzo,badBoy
Image,badBoy
Mortx,badBoy
Erick,badBoy
Gearl,badBoy
Juelx,goodBoy
Eurax,goodBoy
Drury,badBoy
Margu,badBoy
Lutex,goodBoy
Avale,goodBoy
Elsbe,badBoy
Calli,badBoy
Stcla,badBoy
Hayde,badBoy
Sefer,badBoy
Genel,badBoy
Hilda,badBoy
Sloan,badBoy
Belmi,badBoy
Annie,goodBoy
Tomac,badBoy
Voyle,badBoy
Phile,badBoy
Edith,badBoy
Lueve,goodBoy
Azell,goodBoy
Jonxx,badBoy
Timmi,badBoy
Ignac,badBoy
Ettor,badBoy
Gusta,goodBoy
Deonx,badBoy
Willa,badBoy
Nancy,badBoy
Marly,badBoy
Elbri,badBoy
Meryl,badBoy
Larai,badBoy
Berni,badBoy
Flavi,badBoy
Marye,badBoy
Dwain,badBoy
Benny,badBoy
Eille,badBoy
Ketur,badBoy
Cella,badBoy
Thurs,badBoy
Loret,badBoy
Denni,badBoy
Aidax,goodBoy
Junex,goodBoy
Marax,badBoy
Berni,badBoy
Eloyc,badBoy
Marib,badBoy
Hosie,badBoy
Melva,badBoy
Myrth,badBoy
Elgie,badBoy
Gagex,badBoy
Cease,badBoy
Austi,goodBoy
Lelon,badBoy
Gwend,badBoy
Unice,badBoy
Corri,badBoy
Macex,badBoy
Anato,goodBoy
Sidne,badBoy
Cleva,badBoy
Sidxx,badBoy
Warde,badBoy
Angel,goodBoy
Levia,badBoy
Syexx,badBoy
Eberx,goodBoy
Gilme,badBoy
Orlie,badBoy
Orbie,badBoy
Natha,badBoy
Sunni,goodBoy
Henre,badBoy
Walsi,badBoy
Dottx,badBoy
Eunie,goodBoy
Pairl,badBoy
Arnet,goodBoy
Macxx,badBoy
Oceyx,badBoy
Einer,badBoy
Benoi,badBoy
Verne,badBoy
Grise,badBoy
Menax,badBoy
Conch,badBoy
Lepha,badBoy
Kathe,badBoy
Carra,badBoy
Gatha,badBoy
Julie,goodBoy
Leste,badBoy
Lorex,badBoy
Marri,badBoy
Phill,badBoy
Almin,goodBoy
Kathr,badBoy
Harle,badBoy
Oddie,badBoy
Finas,badBoy
Rapha,badBoy
Kenne,badBoy
Loysx,badBoy
Rudya,goodBoy
Nixol,badBoy
Elsye,badBoy
Anton,goodBoy
Odelx,badBoy
Modes,badBoy
Marve,badBoy
Hoyex,badBoy
Nylax,badBoy
Langl,badBoy
Ramse,badBoy
Eleth,badBoy
Lauri,badBoy
Ethel,badBoy
Darcy,badBoy
Lavin,badBoy
Hilto,badBoy
Virdi,badBoy
Siria,badBoy
Reeta,badBoy
Louan,badBoy
Matte,badBoy
Jeann,badBoy
Quayx,goodBoy
Prent,badBoy
Alwyn,goodBoy
Clote,badBoy
Lilix,badBoy
Tolbe,badBoy
Marya,badBoy
Sibyl,badBoy
Foxxx,badBoy
Modes,badBoy
Margu,badBoy
Raoul,badBoy
Dolor,badBoy
Ember,badBoy
Edwin,badBoy
Asale,goodBoy
Rudyx,goodBoy
Archx,goodBoy
Clayb,badBoy
Danxx,badBoy
Ardet,goodBoy
Provi,badBoy
Elvir,badBoy
Corne,badBoy
Everi,badBoy
Chris,badBoy
Prest,badBoy
Ophel,badBoy
Rosem,badBoy
Perse,badBoy
Cladi,badBoy
Annex,goodBoy
Codyx,badBoy
Molli,badBoy
Burni,goodBoy
Ganox,badBoy
Clark,badBoy
Emely,badBoy
Teres,badBoy
Tobbi,badBoy
Casmi,badBoy
Tenny,badBoy
Cleon,badBoy
Abram,goodBoy
Vonna,badBoy
Elina,badBoy
Rosez,badBoy
Bonne,badBoy
Georg,badBoy
Karax,badBoy
Thedo,badBoy
Baxte,badBoy
Ruper,goodBoy
Velme,badBoy
Vento,badBoy
Erbyx,badBoy
Aleck,goodBoy
Raymo,badBoy
Assun,goodBoy
Unaxx,badBoy
Oseex,badBoy
Glade,badBoy
Adron,goodBoy
Irmax,badBoy
Glenn,badBoy
Serap,badBoy
Loran,badBoy
Relda,badBoy
Sethx,badBoy
Shepx,badBoy
Kazuo,badBoy
Ismae,badBoy
Earth,badBoy
Goldm,badBoy
Danax,badBoy
Adnax,goodBoy
Lugen,goodBoy
Elisi,badBoy
Birth,badBoy
Benne,badBoy
Seiji,badBoy
Ermon,badBoy
Norvi,badBoy
Ruthx,goodBoy
Ledia,badBoy
Davis,badBoy
Marge,badBoy
Rozel,badBoy
Diego,badBoy
Glove,badBoy
Floda,badBoy
Savan,badBoy
Madel,badBoy
Georg,badBoy
Mavis,badBoy
Lador,badBoy
Festu,badBoy
Fayne,badBoy
Musax,goodBoy
Emilx,badBoy
Angex,goodBoy
Carlo,badBoy
Gerha,badBoy
Garth,badBoy
Melda,badBoy
Elfor,badBoy
Zadax,badBoy
Farax,badBoy
James,badBoy
Wenon,badBoy
Gerog,badBoy
Mazel,badBoy
Lyrax,badBoy
Shirl,badBoy
Elgax,badBoy
Cleta,badBoy
Silve,badBoy
Bamma,badBoy
Brain,badBoy
Eunax,goodBoy
Brook,badBoy
Crist,badBoy
Vetra,badBoy
Rober,badBoy
Geoff,badBoy
Esmon,badBoy
Melvi,badBoy
Guyxx,goodBoy
Jacki,badBoy
Maryr,badBoy
Berne,badBoy
Lylax,badBoy
Sharo,badBoy
Bryce,badBoy
Genov,badBoy
Ronie,badBoy
Barba,badBoy
Ninax,badBoy
Brust,badBoy
Lavon,badBoy
Flore,badBoy
Jacqu,badBoy
Inaxx,badBoy
Nielx,badBoy
Jauni,badBoy
Chris,badBoy
Gerri,badBoy
Ardit,goodBoy
Anton,goodBoy
Derna,badBoy
Irine,badBoy
Linea,badBoy
Decim,badBoy
Arlin,goodBoy
Cipri,badBoy
Sophy,badBoy
Laven,badBoy
Audna,goodBoy
Buell,goodBoy
Elnor,badBoy
Ulden,badBoy
Argie,goodBoy
Cosme,badBoy
Lynax,badBoy
Burde,goodBoy
Iulax,goodBoy
Willa,badBoy
Earle,badBoy
Barth,badBoy
Hargi,badBoy
Celes,badBoy
Ordea,badBoy
Gusxx,goodBoy
Lanha,badBoy
Hammi,badBoy
Dudex,goodBoy
Hedyx,badBoy
Dagma,badBoy
Mellx,badBoy
Carle,badBoy
Blain,badBoy
Ileyx,badBoy
Erlee,badBoy
Earlx,badBoy
Geoxx,badBoy
Donax,badBoy
Haruo,badBoy
Ralie,badBoy
Raefo,badBoy
Gertr,badBoy
Anton,goodBoy
Rapha,badBoy
Eudel,goodBoy
Aldin,goodBoy
Clori,badBoy
Gizel,badBoy
Zitax,badBoy
Annah,goodBoy
Haruk,badBoy
Teles,badBoy
Aloys,goodBoy
Wongx,badBoy
Johan,badBoy
Leafi,badBoy
Herme,badBoy
Frank,badBoy
Chapm,badBoy
Londo,badBoy
Thres,badBoy
Clarn,badBoy
Elodi,badBoy
Spicy,badBoy
Mitsu,badBoy
Carmi,badBoy
Luver,goodBoy
Janex,badBoy
Lucia,goodBoy
Hjord,badBoy
Ameri,goodBoy
Wilbe,badBoy
Esawx,badBoy
Clary,badBoy
Madel,badBoy
Nolia,badBoy
Marde,badBoy
Learl,badBoy
Gener,badBoy
Rowen,badBoy
Altox,goodBoy
Oniex,badBoy
Urbai,badBoy
Osiax,badBoy
Eulal,goodBoy
Rosal,badBoy
Kathr,badBoy
Radax,badBoy
Valen,badBoy
Octav,badBoy
Enoch,badBoy
Felic,badBoy
Sarix,badBoy
Markx,badBoy
Rocco,badBoy
Roset,badBoy
Ishma,badBoy
Thomp,badBoy
Alber,goodBoy
Rande,badBoy
Onell,badBoy
Lenzy,badBoy
Adele,goodBoy
Ralei,badBoy
Tanni,badBoy
Bella,badBoy
Dorth,badBoy
Jodyx,badBoy
Olden,badBoy
Joexx,badBoy
Garre,badBoy
Lulie,goodBoy
Hammo,badBoy
Gerar,badBoy
Mazie,badBoy
Ameli,goodBoy
Geral,badBoy
Garal,badBoy
Hessi,badBoy
Leldo,badBoy
Pelha,badBoy
Foyxx,badBoy
Parax,badBoy
Eupha,goodBoy
Lawto,badBoy
Anona,goodBoy
Theol,badBoy
Roman,badBoy
Evele,badBoy
Vivia,badBoy
Silve,badBoy
Horte,badBoy
Bened,badBoy
Magda,badBoy
Ivisx,badBoy
Yukie,goodBoy
Adria,goodBoy
Ullax,badBoy
Floss,badBoy
Adely,goodBoy
Artel,goodBoy
Jimxx,badBoy
Solan,badBoy
Marna,badBoy
Adele,goodBoy
Hilli,badBoy
Tiney,badBoy
Dalla,badBoy
Logan,badBoy
Idabe,badBoy
Orlan,badBoy
Belin,badBoy
Lucei,goodBoy
Vitax,badBoy
Brune,badBoy
Ulasx,badBoy
Genro,badBoy
Limmi,badBoy
Chick,badBoy
Chaun,badBoy
Burle,goodBoy
Bertr,badBoy
Matie,badBoy
Alfer,goodBoy
Neris,badBoy
Veron,badBoy
Alexs,goodBoy
Winaf,badBoy
Niles,badBoy
Eulis,goodBoy
Satur,badBoy
Letiz,badBoy
Bianc,badBoy
Illax,badBoy
Quida,goodBoy
Chanc,badBoy
Micke,badBoy
Nicho,badBoy
Athax,goodBoy
Lever,badBoy
Clyne,badBoy
Ladel,badBoy
Elmor,badBoy
Ersax,badBoy
Hankx,badBoy
Waymo,badBoy
Gladw,badBoy
Lovic,badBoy
Wilfr,badBoy
Parke,badBoy
Burne,goodBoy
Rubbi,goodBoy
Mercy,badBoy
Fanie,badBoy
Burli,goodBoy
Garel,badBoy
Emile,badBoy
Loula,badBoy
Tillm,badBoy
Berma,badBoy
Mozel,badBoy
Wadie,badBoy
Peter,badBoy
Ovide,badBoy
Pheob,badBoy
Druci,badBoy
Irexx,badBoy
Eliot,badBoy
Hilla,badBoy
Barba,badBoy
Murph,goodBoy
Isobe,badBoy
Flore,badBoy
Hartf,badBoy
Earmo,badBoy
Ascen,goodBoy
Colli,badBoy
Woodi,badBoy
Marya,badBoy
Jenie,badBoy
Myerx,badBoy
Curle,goodBoy
Delax,badBoy
Ohmer,badBoy
Patto,badBoy
Nenax,badBoy
Maced,badBoy
Holge,badBoy
Burna,goodBoy
Levyx,badBoy
Alfon,goodBoy
Wilmu,badBoy
Charm,badBoy
Rhoda,badBoy
Connx,badBoy
Lutti,goodBoy
Critx,badBoy
Girtr,badBoy
Remix,badBoy
Melod,badBoy
Aurel,goodBoy
Marie,badBoy
Arvis,goodBoy
Addie,goodBoy
Dorie,badBoy
Erlea,badBoy
Clenn,badBoy
Latha,badBoy
Seele,badBoy
Marle,badBoy
Corde,badBoy
Coytx,badBoy
Ferma,badBoy
Dugan,goodBoy
Lazet,badBoy
Zetax,badBoy
Manil,badBoy
Verle,badBoy
Nomax,badBoy
Lemon,badBoy
Gisel,badBoy
Isidr,badBoy
Alici,goodBoy
Marth,badBoy
Nomie,badBoy
Rinal,badBoy
Chris,badBoy
Olean,badBoy
Chloi,badBoy
Rosse,badBoy
Wilda,badBoy
Hampx,badBoy
Verme,badBoy
Hasel,badBoy
Davex,badBoy
Leatr,badBoy
Marye,badBoy
Anton,goodBoy
Dimpl,badBoy
Jerle,badBoy
Donnx,badBoy
Porti,badBoy
Letty,badBoy
Berne,badBoy
Flori,badBoy
Laure,badBoy
Crist,badBoy
Enoli,badBoy
Frida,badBoy
Estal,badBoy
Doyne,badBoy
Tinax,badBoy
Rayma,badBoy
Eudax,goodBoy
Ritti,badBoy
Olive,badBoy
Jenny,badBoy
Kenxx,badBoy
Traci,badBoy
Clayb,badBoy
Uless,badBoy
There,badBoy
Hetty,badBoy
Isaac,badBoy
Leann,badBoy
Rosel,badBoy
Keith,badBoy
Asena,goodBoy
Arlev,goodBoy
Vidal,badBoy
Torre,badBoy
Voila,badBoy
Malen,badBoy
Arvid,goodBoy
Melxx,badBoy
Easte,badBoy
Loree,badBoy
Wilmo,badBoy
Deann,badBoy
Moran,badBoy
Coree,badBoy
Ulric,badBoy
Murre,goodBoy
Lucie,goodBoy
Azile,goodBoy
Welco,badBoy
Lilyx,badBoy
Idena,badBoy
Furma,goodBoy
Burlx,goodBoy
Madge,badBoy
Anton,goodBoy
Cumax,goodBoy
Mayse,badBoy
Chris,badBoy
Ednam,badBoy
Rosez,badBoy
Normo,badBoy
Crete,badBoy
Roder,badBoy
Dever,badBoy
Darle,badBoy
Betti,badBoy
Edwin,badBoy
Waltx,badBoy
Daphn,badBoy
Audra,goodBoy
Zenit,badBoy
Angel,goodBoy
Monit,badBoy
Ednam,badBoy
Fredi,badBoy
Jency,badBoy
Salxx,badBoy
Falba,badBoy
Kline,badBoy
Chris,badBoy
Amede,goodBoy
Tevis,badBoy
Leona,badBoy
Jeffi,badBoy
Margy,badBoy
Masaj,badBoy
Tomxx,badBoy
Joesp,badBoy
Leler,badBoy
Patri,badBoy
Piaxx,badBoy
Luret,goodBoy
Nervi,badBoy
Evyle,badBoy
Clebu,badBoy
Jtxxx,badBoy
Excel,badBoy
Melin,badBoy
Marve,badBoy
Dicie,badBoy
Lodie,badBoy
Jacob,badBoy
Summe,goodBoy
Jeane,badBoy
Ardea,goodBoy
Eilee,badBoy
Wolfx,badBoy
Merla,badBoy
Eliza,badBoy
Miria,badBoy
Larnc,badBoy
Cliff,badBoy
Winif,badBoy
Lucel,goodBoy
Missi,badBoy
Lamoi,badBoy
Remyx,badBoy
Elbur,badBoy
Hyman,badBoy
Laure,badBoy
Orley,badBoy
Angel,goodBoy
Cloti,badBoy
Lelah,badBoy
Gardi,badBoy
Nellx,badBoy
Margu,badBoy
Cedri,badBoy
Druce,badBoy
Perce,badBoy
Louis,badBoy
Evely,badBoy
Jones,badBoy
Singl,badBoy
Chiyo,badBoy
Crawf,badBoy
Julia,goodBoy
Solxx,badBoy
Arlee,goodBoy
Hilda,badBoy
Adaxx,goodBoy
Rubyl,goodBoy
Nicol,badBoy
Beatt,badBoy
Fiden,badBoy
Oshie,badBoy
Selli,badBoy
Hosea,badBoy
Derry,badBoy
Ramir,badBoy
Altax,goodBoy
Woody,badBoy
Maxim,badBoy
Placi,badBoy
Reyna,badBoy
Hoyle,badBoy
Nicki,badBoy
Perle,badBoy
Zuell,goodBoy
Virga,badBoy
Julia,goodBoy
Carwi,badBoy
Olive,badBoy
Kendr,badBoy
Buddx,goodBoy
Lavon,badBoy
Hamle,badBoy
Orman,badBoy
Merli,badBoy
Vergi,badBoy
Sherw,badBoy
Burwe,goodBoy
Leono,badBoy
Veora,badBoy
Lalla,badBoy
Anita,goodBoy
Arsen,goodBoy
Orrxx,badBoy
Durre,goodBoy
Siiri,badBoy
Cecel,badBoy
Metax,badBoy
Gwend,badBoy
Tauno,badBoy
Roald,badBoy
Lesto,badBoy
Frank,badBoy
Jared,badBoy
Kathr,badBoy
Janet,badBoy
Varin,badBoy
Luaxx,goodBoy
Caryx,badBoy
Bethx,badBoy
Appol,goodBoy
Sherm,badBoy
Evely,badBoy
Jeane,badBoy
Henry,badBoy
Katha,badBoy
Rosly,badBoy
Isidr,badBoy
Dante,badBoy
Vilax,badBoy
Hipol,badBoy
Asher,goodBoy
Lecto,badBoy
Danex,badBoy
Verde,badBoy
Dacie,badBoy
Minet,badBoy
Dorot,badBoy
Jonat,badBoy
Lessi,badBoy
Lawre,badBoy
Zinax,badBoy
Idell,badBoy
Malin,badBoy
Berna,badBoy
Holli,badBoy
Kathy,badBoy
Ressi,badBoy
Ameli,goodBoy
Naomi,badBoy
Rosel,badBoy
Conra,badBoy
Isaih,badBoy
Merch,badBoy
Pabli,badBoy
Alsto,goodBoy
Aldon,goodBoy
Marga,badBoy
Kiyok,badBoy
Orabe,badBoy
Greta,badBoy
Colin,badBoy
Verbo,badBoy
Ynezx,badBoy
Ellou,badBoy
Ferdi,badBoy
Willi,badBoy
Myrax,badBoy
Erahx,badBoy
Allis,goodBoy
Plumm,badBoy
Seren,badBoy
Cashx,badBoy
Hitos,badBoy
Athen,goodBoy
Fayxx,badBoy
Mervy,badBoy
Charl,badBoy
Winfr,badBoy
Blodw,badBoy
Napol,badBoy
Jeral,badBoy
Manue,badBoy
Mayde,badBoy
Alber,goodBoy
Olavi,badBoy
Micha,badBoy
Laymo,badBoy
Wilhe,badBoy
Trena,badBoy
Zenol,badBoy
Nadee,badBoy
Tenax,badBoy
Lenxx,badBoy
Pansy,badBoy
Sarge,badBoy
Shawx,badBoy
Conne,badBoy
Lerle,badBoy
Stefa,badBoy
Hasty,badBoy
Islax,badBoy
Ileen,badBoy
Rodel,badBoy
Geral,badBoy
Oliva,badBoy
Joffr,badBoy
Ennax,badBoy
Phili,badBoy
Candi,badBoy
Jenev,badBoy
Otill,badBoy
Evere,badBoy
Eddyt,badBoy
Carie,badBoy
Cordi,badBoy
Roven,badBoy
Neely,badBoy
Eliza,badBoy
Zaide,badBoy
Denny,badBoy
Lione,badBoy
Annem,goodBoy
Aleas,goodBoy
Justi,goodBoy
Hanna,badBoy
Reinh,badBoy
Jayxx,badBoy
Arved,goodBoy
Ulmax,badBoy
Russe,goodBoy
Donie,badBoy
Silla,badBoy
Lucil,goodBoy
Rosil,badBoy
Avice,goodBoy
Yalex,badBoy
Bobbi,badBoy
Emmet,badBoy
Truit,badBoy
Shizu,badBoy
Arizo,goodBoy
Shige,badBoy
Russx,goodBoy
Arnic,goodBoy
Raymo,badBoy
Gradi,badBoy
Verli,badBoy
Seymo,badBoy
Iverx,badBoy
Yolan,badBoy
Flore,badBoy
Guada,goodBoy
Lovex,badBoy
Taylo,badBoy
Twila,badBoy
Marsh,badBoy
Aleja,goodBoy
Culle,goodBoy
Ennis,badBoy
Reuel,badBoy
Reggi,badBoy
Teruk,badBoy
Green,badBoy
Iline,badBoy
Delmo,badBoy
Eulin,goodBoy
Julis,goodBoy
Karlt,badBoy
Dorea,badBoy
Quint,goodBoy
Arley,goodBoy
Melro,badBoy
Conse,badBoy
Vinet,badBoy
Nella,badBoy
Mitzi,badBoy
Topsy,badBoy
Gabex,badBoy
Paris,badBoy
Tsune,badBoy
Vienn,badBoy
Hanor,badBoy
Docxx,badBoy
Lorre,badBoy
Otila,badBoy
Verta,badBoy
Buren,goodBoy
Richm,badBoy
Delma,badBoy
Morde,badBoy
Creta,badBoy
Uzell,badBoy
Willa,badBoy
Mimax,badBoy
Orian,badBoy
Earse,badBoy
Fried,badBoy
Thelm,badBoy
Rubin,goodBoy
Tonyx,badBoy
Lorel,badBoy
Paulo,badBoy
Lulux,goodBoy
Conar,badBoy
Jessa,badBoy
Earsi,badBoy
Jarre,badBoy
Kernx,badBoy
Almet,goodBoy
Elese,badBoy
Orine,badBoy
Anton,goodBoy
Carre,badBoy
Bridg,badBoy
Dessi,badBoy
Haryx,badBoy
Tomik,badBoy
Dilys,badBoy
Warde,badBoy
Tessi,badBoy
Ruebe,goodBoy
Doret,badBoy
Schle,badBoy
Oswal,badBoy
Berne,badBoy
Bunkx,goodBoy
Orlin,badBoy
Capta,badBoy
Clari,badBoy
Lavau,badBoy
Novax,badBoy
Mabry,badBoy
Valle,badBoy
Goriz,badBoy
Eulog,goodBoy
Talma,badBoy
Kazum,badBoy
Saxon,badBoy
Onisx,badBoy
Huley,goodBoy
Smith,badBoy
Acexx,goodBoy
Alvir,goodBoy
Orinx,badBoy
Patie,badBoy
Berna,badBoy
Trinn,badBoy
Masat,badBoy
Leona,badBoy
Elzie,badBoy
Mayes,badBoy
Westo,badBoy
Murli,goodBoy
Orlen,badBoy
Vista,badBoy
Clebe,badBoy
Curlx,goodBoy
Cloye,badBoy
Linax,badBoy
Delli,badBoy
Clydi,badBoy
Marzi,badBoy
Teres,badBoy
Deste,badBoy
Sonny,badBoy
Uriel,badBoy
Balfo,badBoy
Dailx,badBoy
Hilja,badBoy
Ernes,badBoy
Plesx,badBoy
Stell,badBoy
Frede,badBoy
Arabe,goodBoy
Leola,badBoy
Margu,badBoy
Elige,badBoy
Cathe,badBoy
Marce,badBoy
Alois,goodBoy
Emmit,badBoy
Burde,goodBoy
Sadel,badBoy
Gurth,goodBoy
Ulahx,badBoy
Ediax,badBoy
Maddi,badBoy
Elber,badBoy
Donit,badBoy
Corra,badBoy
Harux,badBoy
Lolli,badBoy
Gertr,badBoy
Jacqu,badBoy
Annam,goodBoy
Valta,badBoy
Alcid,goodBoy
Margu,badBoy
Cenax,badBoy
Romai,badBoy
Rosal,badBoy
Hatty,badBoy
Jewel,badBoy
Tomas,badBoy
Algia,goodBoy
Modes,badBoy
Bessx,badBoy
Ewinx,badBoy
Helle,badBoy
Adeli,goodBoy
Novie,badBoy
Avaxx,goodBoy
Vasht,badBoy
Thade,badBoy
Marce,badBoy
Rockw,badBoy
Fores,badBoy
Achil,goodBoy
Cynth,badBoy
Lenne,badBoy
Emmag,badBoy
Verly,badBoy
Pieda,badBoy
Delil,badBoy
Staci,badBoy
Ulusx,badBoy
Felic,badBoy
Carmo,badBoy
Ercil,badBoy
Benja,badBoy
Doren,badBoy
Remax,badBoy
Orell,badBoy
Nelda,badBoy
Rafel,badBoy
Birge,badBoy
Alind,goodBoy
Ritox,badBoy
Edwad,badBoy
Ermin,badBoy
Albir,goodBoy
Evele,badBoy
Dorma,badBoy
Luddi,goodBoy
Titus,badBoy
Simon,badBoy
Carme,badBoy
Rufas,goodBoy
Genie,badBoy
Doniv,badBoy
Charl,badBoy
Juddi,goodBoy
Tomas,badBoy
Edger,badBoy
Myrna,badBoy
Oleth,badBoy
Alban,goodBoy
Oklah,badBoy
Flois,badBoy
Livia,badBoy
Arvil,goodBoy
Anton,goodBoy
Aldin,goodBoy
Wille,badBoy
Miche,badBoy
Adeli,goodBoy
Darle,badBoy
Dioni,badBoy
Rozet,badBoy
Magde,badBoy
Gurne,goodBoy
Whitn,badBoy
Edwar,badBoy
Felde,badBoy
Lucye,goodBoy
Renni,badBoy
Doria,badBoy
Flynn,badBoy
Mille,badBoy
Ewelx,badBoy
Secon,badBoy
Estel,badBoy
Chrys,badBoy
Dougl,badBoy
Charl,badBoy
Arsen,goodBoy
Jadwi,badBoy
Nonie,badBoy
Arthe,goodBoy
Olafx,badBoy
Cokex,badBoy
Kevin,badBoy
Madal,badBoy
Vanxx,badBoy
Hermi,badBoy
Laver,badBoy
Adria,goodBoy
Regis,badBoy
Flore,badBoy
Const,badBoy
Enora,badBoy
Elspe,badBoy
Jasxx,badBoy
Rommi,badBoy
Thelm,badBoy
Sionx,badBoy
Shoic,badBoy
Ivarx,badBoy
Oveta,badBoy
Natal,badBoy
Curly,goodBoy
Duili,goodBoy
Texan,badBoy
Relia,badBoy
Augus,goodBoy
Kentx,badBoy
Colee,badBoy
Edria,badBoy
Matel,badBoy
Bradx,badBoy
Nerva,badBoy
Sumne,goodBoy
Willa,badBoy
Leath,badBoy
Wille,badBoy
Abbey,goodBoy
Marci,badBoy
Rutha,goodBoy
Talbe,badBoy
Chris,badBoy
Geral,badBoy
Elihu,badBoy
Clanc,badBoy
Gaith,badBoy
Vangi,badBoy
Rache,badBoy
Clara,badBoy
Nicko,badBoy
Peach,badBoy
Orest,badBoy
Jackl,badBoy
Budxx,goodBoy
Inett,badBoy
Ruper,goodBoy
Miecz,badBoy
Erica,badBoy
Morre,badBoy
Lakie,badBoy
Waldo,badBoy
Leane,badBoy
Abrah,goodBoy
Marya,badBoy
Heber,badBoy
Velvi,badBoy
Olett,badBoy
Kamxx,badBoy
Harla,badBoy
Marin,badBoy
Vicki,badBoy
Gwyne,badBoy
Garne,badBoy
Wende,badBoy
Shaft,badBoy
Miche,badBoy
Hilme,badBoy
Verge,badBoy
Adelh,goodBoy
Lynet,badBoy
Bunya,goodBoy
Geniv,badBoy
Tommy,badBoy
Ardys,goodBoy
Ermax,badBoy
Ossie,badBoy
Staci,badBoy
Domic,badBoy
Belto,badBoy
Princ,badBoy
Cleop,badBoy
Vonie,badBoy
Benha,badBoy
Reino,badBoy
Izzie,badBoy
Lylex,badBoy
Beatr,badBoy
Oniax,badBoy
Bonni,badBoy
Estle,badBoy
Vassi,badBoy
Birch,badBoy
Henry,badBoy
Searc,badBoy
Carst,badBoy
Ladea,badBoy
Berch,badBoy
Zolta,badBoy
Hilli,badBoy
Agdax,goodBoy
Allyn,goodBoy
Retha,badBoy
Daymo,badBoy
Delph,badBoy
Miner,badBoy
Leora,badBoy
Lucin,goodBoy
Orlan,badBoy
Roxie,badBoy
Gottf,badBoy
Evari,badBoy
Clare,badBoy
Creas,badBoy
Zachx,badBoy
Wilba,badBoy
Clari,badBoy
Annax,goodBoy
Herta,badBoy
Sumpt,goodBoy
Reede,badBoy
Ewald,badBoy
Yance,badBoy
Verni,badBoy
Franc,badBoy
Tilgh,badBoy
Greel,badBoy
Laura,badBoy
Chloa,badBoy
Orvet,badBoy
Loren,badBoy
Pebbl,badBoy
Lovie,badBoy
Sybel,badBoy
Albin,goodBoy
Mabel,badBoy
Arnet,goodBoy
Loret,badBoy
Joese,badBoy
Pierr,badBoy
Gilda,badBoy
Oneli,badBoy
Lieut,badBoy
Pearl,badBoy
Cleop,badBoy
Ruthm,goodBoy
Tishi,badBoy
Pecol,badBoy
Mynax,badBoy
Honor,badBoy
Elyno,badBoy
Ermel,badBoy
Patri,badBoy
Marlo,badBoy
Mende,badBoy
Squar,badBoy
Tomas,badBoy
Estin,badBoy
Keexx,badBoy
Arlie,goodBoy
Maybe,badBoy
Wyman,badBoy
Santo,badBoy
Shige,badBoy
Daile,badBoy
Marce,badBoy
Maryf,badBoy
Arnol,goodBoy
Lotax,badBoy
Dever,badBoy
Hanfo,badBoy
Jocel,badBoy
Benja,badBoy
Price,badBoy
Nessi,badBoy
Fedxx,badBoy
Nevin,badBoy
Donia,badBoy
Lewel,badBoy
Alice,goodBoy
Franc,badBoy
Daryl,badBoy
Blond,badBoy
Randl,badBoy
Basco,badBoy
Sigur,badBoy
Cleot,badBoy
Jerex,badBoy
Lauri,badBoy
Golde,badBoy
Marsh,badBoy
Cozet,badBoy
Clell,badBoy
Hylda,badBoy
Laelx,badBoy
Dessa,badBoy
Mcnei,badBoy
Odett,badBoy
Marea,badBoy
Belvi,badBoy
Margr,badBoy
Mitch,badBoy
Linzi,badBoy
Etnax,badBoy
Noelx,badBoy
Oliax,badBoy
Jeter,badBoy
Kirby,badBoy
Marvi,badBoy
Camil,badBoy
Provi,badBoy
Etien,badBoy
Ruthi,goodBoy
Melvi,badBoy
Charl,badBoy
Magnu,badBoy
Andre,goodBoy
Henni,badBoy
Moses,badBoy
Panki,badBoy
Cesar,badBoy
Brook,badBoy
Aldon,goodBoy
River,badBoy
Nadia,badBoy
Nedax,badBoy
Luigi,goodBoy
Delbe,badBoy
Clota,badBoy
Creda,badBoy
Latha,badBoy
Andre,goodBoy
Victo,badBoy
Ferre,badBoy
Cordu,badBoy
Clayb,badBoy
Boyce,badBoy
Thais,badBoy
Maudi,badBoy
Dossx,badBoy
Alder,goodBoy
Ineze,badBoy
Gusta,goodBoy
Kayex,badBoy
Ireta,badBoy
Levax,badBoy
Hespe,badBoy
Lisle,badBoy
Theod,badBoy
Fordy,badBoy
Franc,badBoy
Carit,badBoy
Olahx,badBoy
Rollx,badBoy
Lella,badBoy
Lenor,badBoy
Vicyx,badBoy
Hanni,badBoy
Froni,badBoy
Gertu,badBoy
Ester,badBoy
Wilhe,badBoy
Russe,goodBoy
Evama,badBoy
Lolar,badBoy
Valet,badBoy
Hymen,badBoy
Oakle,badBoy
Ervil,badBoy
Rebia,badBoy
Celin,badBoy
Basil,badBoy
Elloi,badBoy
Aziex,goodBoy
Jessi,badBoy
Orrax,badBoy
Ewing,badBoy
Arbie,goodBoy
Luisx,goodBoy
Nanci,badBoy
Addah,goodBoy
Silvi,badBoy
Danel,badBoy
Alver,goodBoy
Dinox,badBoy
Maryn,badBoy
Eufra,goodBoy
Onale,badBoy
Odenx,badBoy
Dovey,badBoy
Arlea,goodBoy
Starl,badBoy
Druex,badBoy
Holli,badBoy
Floex,badBoy
Yonex,badBoy
Dalxx,badBoy
Cirax,badBoy
Elsie,badBoy
Jabex,badBoy
Hagar,badBoy
Teofi,badBoy
Hulax,goodBoy
Gynet,badBoy
Domen,badBoy
Listo,badBoy
Leonc,badBoy
Netha,badBoy
Julia,goodBoy
Freem,badBoy
Kathe,badBoy
Laver,badBoy
Yoshi,badBoy
Evahx,badBoy
Bento,badBoy
Arman,goodBoy
Tobex,badBoy
Tully,goodBoy
Gretn,badBoy
Bobby,badBoy
Irasx,badBoy
Dolor,badBoy
Hoope,badBoy
Barto,badBoy
Ignac,badBoy
Elino,badBoy
Maxyn,badBoy
Ermil,badBoy
Nivax,badBoy
Cassa,badBoy
Zenna,badBoy
Clera,badBoy
Berti,badBoy
Nebra,badBoy
Theop,badBoy
Truth,badBoy
Mosel,badBoy
Rollo,badBoy
Rayfi,badBoy
Elber,badBoy
Elois,badBoy
Melve,badBoy
Rosto,badBoy
Larra,badBoy
Palmi,badBoy
Hobso,badBoy
Almen,goodBoy
Ethan,badBoy
Gaeta,badBoy
Elzyx,badBoy
Velma,badBoy
Luthe,goodBoy
Octav,badBoy
Adlen,goodBoy
Maryl,badBoy
Georg,badBoy
Cayet,badBoy
Janel,badBoy
Patti,badBoy
Maude,badBoy
Aviex,goodBoy
Leoni,badBoy
Colen,badBoy
Capit,badBoy
Birch,badBoy
Blain,badBoy
Yoshi,badBoy
Azelx,goodBoy
Parvi,badBoy
Deloi,badBoy
Hermi,badBoy
Joesp,badBoy
Daphn,badBoy
Tanya,badBoy
Freid,badBoy
Everl,badBoy
Refug,badBoy
Palme,badBoy
Monte,badBoy
Fedel,badBoy
Rubel,goodBoy
Teckl,badBoy
Athal,goodBoy
Oceax,badBoy
Floyx,badBoy
Raifo,badBoy
Vonax,badBoy
Tadxx,badBoy
Treva,badBoy
Nickl,badBoy
Milfr,badBoy
Euphe,goodBoy
Gladi,badBoy
Conve,badBoy
Norbe,badBoy
Misso,badBoy
Dario,badBoy
Mansf,badBoy
Texie,badBoy
Rosan,badBoy
Gleno,badBoy
Grayd,badBoy
Roben,badBoy
Ottie,badBoy
Merit,badBoy
Adale,goodBoy
Emanu,badBoy
Orbax,badBoy
Manil,badBoy
Zerax,badBoy
Adren,goodBoy
Philo,badBoy
Hanso,badBoy
Talto,badBoy
Delfi,badBoy
Dwayn,badBoy
Gezax,badBoy
Telit,badBoy
Bever,badBoy
Merwy,badBoy
Quinc,goodBoy
Nonax,badBoy
Mayer,badBoy
Banni,badBoy
Kimix,badBoy
Eviax,badBoy
Alfre,goodBoy
Jayne,badBoy
Ercel,badBoy
Cloma,badBoy
Carme,badBoy
Primr,badBoy
Byrlx,badBoy
Placi,badBoy
Delor,badBoy
Dianx,badBoy
Burto,goodBoy
Elgar,badBoy
Sebro,badBoy
Winst,badBoy
Heath,badBoy
Lecyx,badBoy
Prent,badBoy
Prosp,badBoy
Girli,badBoy
Amada,goodBoy
Hyaci,badBoy
Phyli,badBoy
Janet,badBoy
Julia,goodBoy
Loris,badBoy
Ricox,badBoy
Pheob,badBoy
Lorai,badBoy
Goebe,badBoy
Sumik,goodBoy
Humph,goodBoy
Manus,badBoy
Claus,badBoy
Mildr,badBoy
Dorot,badBoy
Primo,badBoy
Fenwi,badBoy
Leoma,badBoy
Novia,badBoy
Lenni,badBoy
Georg,badBoy
Harve,badBoy
Neila,badBoy
Oswel,badBoy
Ethie,badBoy
Nonni,badBoy
Harli,badBoy
Jacin,badBoy
Verci,badBoy
Hatsu,badBoy
Athol,goodBoy
Sewel,badBoy
Merce,badBoy
Odusx,badBoy
Zellx,badBoy
Etoil,badBoy
Trudy,badBoy
Stani,badBoy
Elija,badBoy
Devon,badBoy
Carax,badBoy
Joshx,badBoy
Elvin,badBoy
Indax,badBoy
Cardi,badBoy
Gayne,badBoy
Hirox,badBoy
Julie,goodBoy
Aloys,goodBoy
Eveli,badBoy
Odili,badBoy
Philx,badBoy
Cruzx,badBoy
Virgl,badBoy
Posie,badBoy
Helmu,badBoy
Odess,badBoy
Vauda,badBoy
Valet,badBoy
Elsto,badBoy
Ethel,badBoy
Harri,badBoy
Zonni,badBoy
Lodem,badBoy
Wavax,badBoy
Idale,badBoy
Virli,badBoy
Doyxx,badBoy
Beauf,badBoy
Charl,badBoy
Eriex,badBoy
Valda,badBoy
Zomax,badBoy
Bruno,badBoy
Attic,goodBoy
Genox,badBoy
Ramir,badBoy
Charo,badBoy
Hilde,badBoy
Lerax,badBoy
Primi,badBoy
Perli,badBoy
Juanx,goodBoy
Alzen,goodBoy
Arloi,goodBoy
Marli,badBoy
Berle,badBoy
Belen,badBoy
Orill,badBoy
Berdi,badBoy
Marga,badBoy
Marge,badBoy
Reese,badBoy
Rosam,badBoy
Jacqu,badBoy
Santi,badBoy
Eleas,badBoy
Alexa,goodBoy
Ancel,goodBoy
Odiax,badBoy
Bissi,badBoy
Equil,badBoy
Kenji,badBoy
Azale,goodBoy
Sella,badBoy
Clari,badBoy
Turne,goodBoy
Walda,badBoy
Ilmax,badBoy
Rozel,badBoy
Henre,badBoy
Elinx,badBoy
Azale,goodBoy
Luree,goodBoy
Colle,badBoy
Estev,badBoy
Leona,badBoy
Annet,goodBoy
Gusta,goodBoy
Orahx,badBoy
Ruben,goodBoy
Rosit,badBoy
Cliff,badBoy
Kelsi,badBoy
Zorax,badBoy
Ellar,badBoy
Halbe,badBoy
Elrax,badBoy
Nilda,badBoy
Aylee,goodBoy
Susum,goodBoy
Melto,badBoy
Purvi,goodBoy
Dorax,badBoy
Reahx,badBoy
Geral,badBoy
Alven,goodBoy
Parri,badBoy
Maury,badBoy
Roose,badBoy
Ethel,badBoy
Donel,badBoy
Verdi,badBoy
Miyok,badBoy
Leoni,badBoy
Belia,badBoy
Pinkx,badBoy
Darne,badBoy
Ibbie,goodBoy
Tolli,badBoy
Earma,badBoy
Philm,badBoy
Rosel,badBoy
Elfri,badBoy
Willm,badBoy
Marle,badBoy
Benje,badBoy
Romel,badBoy
Monta,badBoy
Anett,goodBoy
Herme,badBoy
Noalx,badBoy
Damac,badBoy
Zekex,badBoy
Lazar,badBoy
Franc,badBoy
Elvex,badBoy
Verdi,badBoy
Corbi,badBoy
Ulesx,badBoy
Julie,goodBoy
Aurel,goodBoy
Bertu,badBoy
Zella,badBoy
Laney,badBoy
Ivers,badBoy
Perme,badBoy
Herbe,badBoy
Agath,goodBoy
Wynol,badBoy
Norfl,badBoy
Boris,badBoy
Amorx,goodBoy
Tishi,badBoy
Nevad,badBoy
Lecil,badBoy
Albin,goodBoy
Winfo,badBoy
Dedie,badBoy
Timxx,badBoy
Ronax,badBoy
Allen,goodBoy
Yasuo,badBoy
Beaxx,badBoy
Raymu,badBoy
Lorri,badBoy
Wilme,badBoy
Lenny,badBoy
Cuthb,goodBoy
Derri,badBoy
Onezi,badBoy
Graci,badBoy
Saraf,badBoy
Arles,goodBoy
Karin,badBoy
Ansle,goodBoy
Eulal,goodBoy
Froni,badBoy
Moren,badBoy
Morti,badBoy
Garlo,badBoy
Allan,goodBoy
Almyr,goodBoy
Fanny,badBoy
Idell,badBoy
Earne,badBoy
Lafer,badBoy
Gerha,badBoy
Pearl,badBoy
Floel,badBoy
Clabe,badBoy
Malvi,badBoy
Myles,badBoy
Iolen,badBoy
Savin,badBoy
Orden,badBoy
Pilar,badBoy
Willa,badBoy
Jorde,badBoy
Arahx,goodBoy
Heywo,badBoy
Vetta,badBoy
Rosal,badBoy
Jemma,badBoy
Timot,badBoy
Saulx,badBoy
Charm,badBoy
Marjo,badBoy
Velax,badBoy
Jewel,badBoy
Caleb,badBoy
Rafae,badBoy
Ageex,goodBoy
Mathe,badBoy
Laver,badBoy
Rosar,badBoy
Vinax,badBoy
Maryr,badBoy
Matia,badBoy
Rosex,badBoy
Jehux,badBoy
Janxx,badBoy
Ferri,badBoy
Billx,badBoy
Earle,badBoy
Matxx,badBoy
Berne,badBoy
Apoll,goodBoy
Stell,badBoy
Duell,goodBoy
Tessa,badBoy
Harmo,badBoy
Brown,badBoy
Renal,badBoy
Garna,badBoy
Earne,badBoy
Narci,badBoy
Estor,badBoy
Kermi,badBoy
Holma,badBoy
Oceol,badBoy
Sayde,badBoy
Ashfo,goodBoy
Leara,badBoy
Andre,goodBoy
Lethe,badBoy
Dabne,badBoy
Broad,badBoy
Wiley,badBoy
Dayto,badBoy
Nobia,badBoy
Joann,badBoy
Veren,badBoy
Masay,badBoy
Sofia,badBoy
Lento,badBoy
Tsuru,badBoy
Leoni,badBoy
Clarr,badBoy
Huldi,goodBoy
Hartx,badBoy
Armin,goodBoy
Monta,badBoy
Gleni,badBoy
Druci,badBoy
Teddy,badBoy
Kathe,badBoy
Pablo,badBoy
Ozena,badBoy
Yulax,goodBoy
Neppi,badBoy
Zumax,goodBoy
Ermin,badBoy
Neola,badBoy
Flavi,badBoy
Guinn,goodBoy
Eleon,badBoy
Novis,badBoy
Orisx,badBoy
Ollen,badBoy
Tinie,badBoy
Rufex,goodBoy
Antoi,goodBoy
Terra,badBoy
Tobey,badBoy
Lowex,badBoy
Rodge,badBoy
Leonx,badBoy
Loren,badBoy
Betha,badBoy
Delwi,badBoy
Jinni,badBoy
Bobbe,badBoy
Wilho,badBoy
Clyti,badBoy
Jeann,badBoy
Enric,badBoy
Masar,badBoy
Antho,goodBoy
Rudol,goodBoy
Mabel,badBoy
Edwid,badBoy
Bobie,badBoy
Minax,badBoy
Demet,badBoy
Glena,badBoy
Enezx,badBoy
Alwil,goodBoy
Ritch,badBoy
Alsie,goodBoy
Walli,badBoy
Corre,badBoy
Ivery,badBoy
Leoda,badBoy
Johns,badBoy
Alfon,goodBoy
Ophil,badBoy
Mayre,badBoy
Bulah,goodBoy
Adelb,goodBoy
Margr,badBoy
Lynnx,badBoy
Tanne,badBoy
Selwy,badBoy
Zedxx,badBoy
Conwa,badBoy
Muset,goodBoy
Preci,badBoy
Germa,badBoy
Asbur,goodBoy
Auber,goodBoy
Cleme,badBoy
Ovada,badBoy
Vonci,badBoy
Franx,badBoy
Lehma,badBoy
Arthu,goodBoy
Dorra,badBoy
Alfer,goodBoy
Adolf,goodBoy
Yolan,badBoy
Magda,badBoy
Velmo,badBoy
Berry,badBoy
Ebbxx,goodBoy
Estel,badBoy
Lomet,badBoy
Simon,badBoy
Austa,goodBoy
Tilda,badBoy
Errol,badBoy
Orrie,badBoy
Zetti,badBoy
Lumin,goodBoy
Reina,badBoy
Melvi,badBoy
Marde,badBoy
Herme,badBoy
Manni,badBoy
Joiex,badBoy
Marga,badBoy
Elkin,badBoy
Tibur,badBoy
Ingra,badBoy
Merri,badBoy
Laren,badBoy
Jabox,badBoy
Ander,goodBoy
Irlen,badBoy
Lonzy,badBoy
Olyve,badBoy
Imaxx,badBoy
Zelva,badBoy
Othel,badBoy
Tonie,badBoy
Colli,badBoy
Midor,badBoy
Beddi,badBoy
Roxyx,badBoy
Arbel,goodBoy
Hartl,badBoy
Rural,goodBoy
Ingeb,badBoy
Mahal,badBoy
Stena,badBoy
Landi,badBoy
Marge,badBoy
Washx,badBoy
Harlx,badBoy
Birdi,badBoy
Zilda,badBoy
Bowen,badBoy
Laoma,badBoy
Essie,badBoy
Stewa,badBoy
Arloa,goodBoy
Dollx,badBoy
Crese,badBoy
Montx,badBoy
Kathe,badBoy
Burrx,goodBoy
Verex,badBoy
Isaox,badBoy
Richa,badBoy
Hewit,badBoy
Melve,badBoy
Nevil,badBoy
Ledra,badBoy
Canar,badBoy
Lucei,goodBoy
Luell,goodBoy
Latan,badBoy
Trilb,badBoy
Lorel,badBoy
Hilda,badBoy
Newel,badBoy
Ionax,badBoy
Welli,badBoy
Aleja,goodBoy
Ahxxx,badBoy
Hilma,badBoy
Odexx,badBoy
Eduar,badBoy
Jbxxx,badBoy
Ermin,badBoy
Suzan,goodBoy
Delbe,badBoy
Hilli,badBoy
Bloss,badBoy
Anama,goodBoy
Othel,badBoy
Zidax,badBoy
Norri,badBoy
Sylvi,badBoy
Pagex,badBoy
Hilla,badBoy
Thalm,badBoy
Artem,goodBoy
Lennx,badBoy
Jillx,badBoy
Flori,badBoy
Dotxx,badBoy
Lavel,badBoy
Johan,badBoy
Geexx,badBoy
Mannx,badBoy
Virgi,badBoy
Eddax,badBoy
Calla,badBoy
Lenno,badBoy
Aldox,goodBoy
Thali,badBoy
Vivie,badBoy
Solli,badBoy
Graha,badBoy
Ulyse,badBoy
Colon,badBoy
Rayno,badBoy
Perlx,badBoy
Edaxx,badBoy
Malon,badBoy
Areli,goodBoy
Ethel,badBoy
Noren,badBoy
Suzyx,goodBoy
Masay,badBoy
Rotha,badBoy
Laren,badBoy
Robey,badBoy
Edyth,badBoy
Nadea,badBoy
Onida,badBoy
Almed,goodBoy
Nicol,badBoy
Selig,badBoy
Golda,badBoy
Tenni,badBoy
Hulda,goodBoy
Crisx,badBoy
Linwo,badBoy
Jacyx,badBoy
Tolax,badBoy
Wilhe,badBoy
Silve,badBoy
Fleda,badBoy
Hille,badBoy
Aston,goodBoy
Eddyx,badBoy
Phila,badBoy
Sanju,badBoy
Delim,badBoy
Rufin,goodBoy
Thera,badBoy
Chanc,badBoy
Etoyl,badBoy
Benja,badBoy
Wilhe,badBoy
Caldo,badBoy
Ellen,badBoy
Idusx,badBoy
Obiex,goodBoy
Flore,badBoy
Jerro,badBoy
Nathx,badBoy
Gurti,goodBoy
Rosin,badBoy
Edrie,badBoy
Auber,goodBoy
Alonz,goodBoy
Jessl,badBoy
Biagg,badBoy
Hulon,goodBoy
Felec,badBoy
Steve,badBoy
Linds,badBoy
Otill,badBoy
Veron,badBoy
Doria,badBoy
Eleno,badBoy
Lanor,badBoy
Fatex,badBoy
Isaxx,badBoy
Delos,badBoy
Arcad,goodBoy
Pasqu,badBoy
Demet,badBoy
Clyda,badBoy
Allwi,goodBoy
Elmin,badBoy
Sarax,badBoy
Flori,badBoy
Ilvax,badBoy
Wilbe,badBoy
Pamel,badBoy
Micha,badBoy
Erast,badBoy
Fumik,goodBoy
Ladyx,badBoy
Emmon,badBoy
Zetha,badBoy
Shell,badBoy
Samul,badBoy
Howex,badBoy
Ernes,badBoy
Mamie,badBoy
Jodax,badBoy
Evoxx,badBoy
Lavau,badBoy
Hanak,badBoy
Marce,badBoy
Marya,badBoy
Ercie,badBoy
Vadna,badBoy
Kathl,badBoy
Roddy,badBoy
Zonie,badBoy
Marga,badBoy
Hanse,badBoy
Armen,goodBoy
Aleth,goodBoy
Agnes,goodBoy
Delph,badBoy
Magda,badBoy
Fonzi,badBoy
Burns,goodBoy
Demar,badBoy
Veste,badBoy
Garne,badBoy
Yaeko,badBoy
Hasse,badBoy
Verni,badBoy
Nehem,badBoy
Hokex,badBoy
Marle,badBoy
Phili,badBoy
Cecli,badBoy
Elien,badBoy
Arcie,goodBoy
Malda,badBoy
Dexte,badBoy
Dicks,badBoy
Wynne,badBoy
Ediex,badBoy
Chest,badBoy
Lynne,badBoy
Conje,badBoy
Sandy,badBoy
Winth,badBoy
Johnn,badBoy
Theda,badBoy
Cleon,badBoy
Leafa,badBoy
Estus,badBoy
Fredd,badBoy
Ether,badBoy
Buryl,goodBoy
Everg,badBoy
Deane,badBoy
Gemxx,badBoy
Gudru,goodBoy
Harol,badBoy
Tilmo,badBoy
Dorot,badBoy
Cosmo,badBoy
Reola,badBoy
Anner,goodBoy
Besse,badBoy
Pieri,badBoy
Burri,goodBoy
Carlx,badBoy
Fenne,badBoy
Arlis,goodBoy
Corax,badBoy
Leath,badBoy
Madel,badBoy
Murel,goodBoy
Myldr,badBoy
Benxx,badBoy
Gilli,badBoy
Abxxx,badBoy
Eulah,goodBoy
Marve,badBoy
Maria,badBoy
Denox,badBoy
Wreat,badBoy
Leett,badBoy
Marab,badBoy
Alvyx,goodBoy
Alber,goodBoy
Haley,badBoy
Cloti,badBoy
Chand,badBoy
Boydx,badBoy
Gener,badBoy
Gilfo,badBoy
Wadde,badBoy
Dorma,badBoy
Wlady,badBoy
Addis,goodBoy
Leean,badBoy
Euphe,goodBoy
Kidxx,badBoy
Kimbe,badBoy
Ilyxx,badBoy
Lalla,badBoy
Virti,badBoy
Wirtx,badBoy
Flavi,badBoy
Rosal,badBoy
Maude,badBoy
Mimie,badBoy
Fozie,badBoy
Winds,badBoy
Romul,badBoy
Lilla,badBoy
Dorys,badBoy
Zygmo,badBoy
Carmi,badBoy
Chell,badBoy
Beaul,badBoy
Herme,badBoy
Janet,badBoy
Eltha,badBoy
Itali,badBoy
Vannx,badBoy
Vinie,badBoy
Dioni,badBoy
Dolly,badBoy
Harve,badBoy
Ephri,badBoy
Odile,badBoy
Benji,badBoy
Vance,badBoy
Hanax,badBoy
Izmax,badBoy
Vicen,badBoy
Julie,goodBoy
Charl,badBoy
Monie,badBoy
Woodr,badBoy
Aaron,goodBoy
Minie,badBoy
Erikx,badBoy
Velto,badBoy
Laure,badBoy
Dorot,badBoy
Bartx,badBoy
Loiex,badBoy
Grave,badBoy
Marle,badBoy
Affie,goodBoy
Oveda,badBoy
Ameyx,goodBoy
Renat,badBoy
Escox,badBoy
Jovit,badBoy
Reyna,badBoy
Berna,badBoy
Arena,goodBoy
Leori,badBoy
Patsy,badBoy
Phill,badBoy
Deral,badBoy
Elend,badBoy
Honor,badBoy
Othar,badBoy
Artis,goodBoy
Gayex,badBoy
Hughx,goodBoy
Phill,badBoy
Leavi,badBoy
Ennie,badBoy
Koich,badBoy
Karen,badBoy
Cordy,badBoy
Rubby,goodBoy
Barne,badBoy
Vidax,badBoy
Demps,badBoy
Savin,badBoy
Carne,badBoy
Andre,goodBoy
Whitl,badBoy
Virgi,badBoy
Murle,goodBoy
Lenar,badBoy
Benig,badBoy
Estre,badBoy
Araxx,goodBoy
Carlo,badBoy
Press,badBoy
Helmi,badBoy
Margr,badBoy
Maybe,badBoy
There,badBoy
Pervi,badBoy
Robie,badBoy
Zephy,badBoy
Yonni,badBoy
Theod,badBoy
Isrea,badBoy
Marce,badBoy
Rozie,badBoy
Nadya,badBoy
Cleat,badBoy
Terre,badBoy
Ettie,badBoy
Hersh,badBoy
Calvi,badBoy
Marga,badBoy
Fredr,badBoy
Kiyos,badBoy
Roxan,badBoy
Elcie,badBoy
Reine,badBoy
Theop,badBoy
Hawki,badBoy
Huelx,goodBoy
Eldax,badBoy
Olofx,badBoy
Glads,badBoy
Aldia,goodBoy
Mckin,badBoy
Marze,badBoy
Lovis,badBoy
Dorot,badBoy
Maede,badBoy
Loise,badBoy
Inezx,badBoy
Sator,badBoy
Casxx,badBoy
Heral,badBoy
Chris,badBoy
Kelle,badBoy
Franc,badBoy
Margr,badBoy
Cherr,badBoy
Adrai,goodBoy
Numax,goodBoy
Byrde,badBoy
Banja,badBoy
Rener,badBoy
Luxxx,badBoy
Vivia,badBoy
Maixx,badBoy
Veler,badBoy
Selvi,badBoy
Arlox,goodBoy
Aloha,goodBoy
Alvan,goodBoy
Minor,badBoy
Erasm,badBoy
Ceola,badBoy
Domin,badBoy
Marla,badBoy
Lynfo,badBoy
Dorle,badBoy
Lesle,badBoy
Robyx,badBoy
Suzie,goodBoy
Cinde,badBoy
Velva,badBoy
Henni,badBoy
Norma,badBoy
Marga,badBoy
Aleth,goodBoy
Lucel,goodBoy
Velet,badBoy
Effie,badBoy
Berti,badBoy
Clair,badBoy
Eveli,badBoy
Socor,badBoy
Macil,badBoy
Eligh,badBoy
Hazel,badBoy
Elfre,badBoy
Sakae,badBoy
Macey,badBoy
Murle,goodBoy
Ervil,badBoy
Onnie,badBoy
Charl,badBoy
Katha,badBoy
Reoxx,badBoy
Rubel,goodBoy
Miner,badBoy
Dagne,badBoy
Albir,goodBoy
Elver,badBoy
Loomi,badBoy
Livin,badBoy
Woodf,badBoy
Hanni,badBoy
Merce,badBoy
Aurth,goodBoy
Amili,goodBoy
Tomie,badBoy
Genoa,badBoy
Lorre,badBoy
Lucil,goodBoy
Maudy,badBoy
Marce,badBoy
Letit,badBoy
Towns,badBoy
Chann,badBoy
Leoth,badBoy
Romeo,badBoy
Julie,goodBoy
Renax,badBoy
Lizzy,badBoy
Kenne,badBoy
Donle,badBoy
Darry,badBoy
Lessx,badBoy
Imoxx,badBoy
Odeal,badBoy
Lydia,badBoy
Rheta,badBoy
Camil,badBoy
Kingx,badBoy
Nydia,badBoy
Annam,goodBoy
Verla,badBoy
Idell,badBoy
Laura,badBoy
Aurax,goodBoy
Edwen,badBoy
Glenn,badBoy
Rodma,badBoy
Lilia,badBoy
Manua,badBoy
Eldin,badBoy
Sabat,badBoy
Salli,badBoy
Dewai,badBoy
Ephra,badBoy
Romua,badBoy
Lanie,badBoy
Saimi,badBoy
Blonn,badBoy
Amali,goodBoy
Ovila,badBoy
Holly,badBoy
Eliga,badBoy
Maxwe,badBoy
Evans,badBoy
Sanfo,badBoy
Elman,badBoy
Clari,badBoy
Ronal,badBoy
Isiah,badBoy
Janic,badBoy
Elahx,badBoy
Ressa,badBoy
Reath,badBoy
Hildi,badBoy
Rance,badBoy
Phili,badBoy
Joach,badBoy
Myrlx,badBoy
Rosau,badBoy
Curli,goodBoy
Brans,badBoy
Mauri,badBoy
Reedi,badBoy
Walte,badBoy
Vilda,badBoy
Tilla,badBoy
Dorca,badBoy
Vodax,badBoy
Jerol,badBoy
Arnul,goodBoy
Viole,badBoy
Harri,badBoy
Every,badBoy
Elano,badBoy
Fortu,badBoy
Olliv,badBoy
Jeanx,badBoy
Merri,badBoy
Octax,badBoy
Macki,badBoy
Hardy,badBoy
Ammon,goodBoy
Georg,badBoy
Holme,badBoy
Lucie,goodBoy
Rolfx,badBoy
Hilma,badBoy
Inzax,badBoy
Aurie,goodBoy
Grays,badBoy
Netax,badBoy
Amaxx,goodBoy
Atlan,goodBoy
Ophie,badBoy
Littl,badBoy
Vadys,badBoy
Ulysx,badBoy
Alcee,goodBoy
Andre,goodBoy
Xenia,badBoy
Erski,badBoy
Ligex,badBoy
Anell,goodBoy
Ewell,badBoy
Broni,badBoy
Wyona,badBoy
Trevo,badBoy
Hedwi,badBoy
Adolf,goodBoy
Orlin,badBoy
Minta,badBoy
Reinh,badBoy
Marin,badBoy
Desma,badBoy
Brune,badBoy
Allie,goodBoy
Dorat,badBoy
Beatr,badBoy
Duane,goodBoy
Vinit,badBoy
Dellx,badBoy
Buckx,goodBoy
Demus,badBoy
Edmun,badBoy
Otell,badBoy
Minne,badBoy
Loria,badBoy
Larkx,badBoy
Fleet,badBoy
Idahx,badBoy
Ranso,badBoy
Virgi,badBoy
Odean,badBoy
Eddis,badBoy
Justo,goodBoy
Cassi,badBoy
Tadao,badBoy
Nitax,badBoy
Kathl,badBoy
Marti,badBoy
Ivade,badBoy
Dorat,badBoy
Linda,badBoy
Joett,badBoy
Louel,badBoy
Lenox,badBoy
Lacie,badBoy
Melit,badBoy
Ambro,goodBoy
Johnn,badBoy
Jerri,badBoy
Cyren,badBoy
Sefer,badBoy
Fount,badBoy
Flavi,badBoy
Auror,goodBoy
Angel,goodBoy
Louci,badBoy
Tommy,badBoy
Samua,badBoy
Wille,badBoy
Micki,badBoy
Esthe,badBoy
There,badBoy
Felic,badBoy
Rilli,badBoy
Wanet,badBoy
Arisx,goodBoy
Cryst,badBoy
Nance,badBoy
Welbo,badBoy
Fujik,goodBoy
Monic,badBoy
Jenni,badBoy
Ricki,badBoy
Suzan,goodBoy
Aleda,goodBoy
Charl,badBoy
Pearl,badBoy
Viett,badBoy
Benar,badBoy
Eudel,goodBoy
Ethax,badBoy
Breta,badBoy
Basil,badBoy
Olney,badBoy
Hadle,badBoy
Doyle,badBoy
Walfr,badBoy
Zigmo,badBoy
Achsa,goodBoy
Daphi,badBoy
Hosey,badBoy
Vinia,badBoy
Norwi,badBoy
Nelli,badBoy
Linni,badBoy
Kelle,badBoy
Volen,badBoy
Carol,badBoy
Amand,goodBoy
Vitox,badBoy
Areat,goodBoy
Colet,badBoy
Agust,goodBoy
Bedie,badBoy
Candi,badBoy
Faris,badBoy
Valmo,badBoy
Ygnac,badBoy
Const,badBoy
Gordi,badBoy
Peach,badBoy
Gould,badBoy
Onofr,badBoy
Eulal,goodBoy
Romax,badBoy
Goldi,badBoy
Eliza,badBoy
Valen,badBoy
Alter,goodBoy
Flore,badBoy
Domon,badBoy
Burni,goodBoy
Wilva,badBoy
Everl,badBoy
Sonxx,badBoy
Adair,goodBoy
Wille,badBoy
Herbx,badBoy
Izena,badBoy
Valad,badBoy
Leeta,badBoy
Elfri,badBoy
Thead,badBoy
Luana,goodBoy
Rilda,badBoy
Maxey,badBoy
Lauri,badBoy
Rosan,badBoy
Asunc,goodBoy
Eriax,badBoy
Teola,badBoy
Idoni,badBoy
Lebar,badBoy
Early,badBoy
Othor,badBoy
Tokio,badBoy
Rosco,badBoy
Carne,badBoy
Milto,badBoy
Limue,badBoy
Talli,badBoy
Maree,badBoy
Goldy,badBoy
Belmo,badBoy
Garla,badBoy
Ovett,badBoy
Rosel,badBoy
Kirkx,badBoy
Felic,badBoy
Eldri,badBoy
Philo,badBoy
Jobxx,badBoy
Olisx,badBoy
Genie,badBoy
Mathx,badBoy
Rexie,badBoy
Gerry,badBoy
Gavin,badBoy
Ethel,badBoy
Urban,badBoy
Domin,badBoy
Frien,badBoy
Audre,goodBoy
Fumie,goodBoy
Ricar,badBoy
Marce,badBoy
Orale,badBoy
Ugoxx,badBoy
Roger,badBoy
Maria,badBoy
Argox,goodBoy
Adell,goodBoy
Etelk,badBoy
Gusti,goodBoy
Orazi,badBoy
Eveli,badBoy
Renat,badBoy
Wilma,badBoy
Larin,badBoy
Zoila,badBoy
Purlx,goodBoy
Wilia,badBoy
Wrigh,badBoy
Lymon,badBoy
Lesax,badBoy
Adger,goodBoy
Isido,badBoy
Stanx,badBoy
Erlan,badBoy
Doree,badBoy
Ranxx,badBoy
Eufem,goodBoy
Hazel,badBoy
Earla,badBoy
Eunic,goodBoy
Gilli,badBoy
Ingax,badBoy
Durwo,goodBoy
Elonx,badBoy
Bloss,badBoy
Tinni,badBoy
Saide,badBoy
Liber,badBoy
Oteli,badBoy
Louie,badBoy
Gerdi,badBoy
Rosal,badBoy
Alida,goodBoy
Glenn,badBoy
Dolph,badBoy
Fread,badBoy
Lizzi,badBoy
Irene,badBoy
Davie,badBoy
Avane,goodBoy
Clemm,badBoy
Carri,badBoy
Thecl,badBoy
Mayna,badBoy
Bertr,badBoy
Altia,goodBoy
Magde,badBoy
Lishx,badBoy
Rubie,goodBoy
Grady,badBoy
Enaxx,badBoy
Amzie,goodBoy
Fanny,badBoy
Morey,badBoy
Oberi,goodBoy
Bened,badBoy
Toshi,badBoy
Marci,badBoy
Elfri,badBoy
Verba,badBoy
Waldo,badBoy
Odasx,badBoy
Richa,badBoy
Hadas,badBoy
Ceren,badBoy
Leano,badBoy
Raulx,badBoy
Fowle,badBoy
Docie,badBoy
Janin,badBoy
Erdax,badBoy
Marla,badBoy
Beatr,badBoy
Moirx,badBoy
Giuse,badBoy
Ferdx,badBoy
Allie,goodBoy
Sydxx,badBoy
Roche,badBoy
Lucen,goodBoy
Hardi,badBoy
Lorai,badBoy
Elden,badBoy
Monte,badBoy
Delli,badBoy
Anabe,goodBoy
Iowax,badBoy
Cilla,badBoy
Elner,badBoy
Charl,badBoy
Leema,badBoy
Polkx,badBoy
Kimie,badBoy
Genev,badBoy
Marth,badBoy
Zanax,badBoy
Burch,goodBoy
Alfon,goodBoy
Allet,goodBoy
Denis,badBoy
Arcol,goodBoy
Arlan,goodBoy
Franc,badBoy
Tries,badBoy
Minti,badBoy
Olean,badBoy
Impix,badBoy
Washi,badBoy
Marni,badBoy
Gunda,goodBoy
Valen,badBoy
Avane,goodBoy
Loyol,badBoy
Haako,badBoy
Cosim,badBoy
Gioco,badBoy
Ammie,goodBoy
Simon,badBoy
Corne,badBoy
Ardis,goodBoy
Netty,badBoy
Garvi,badBoy
Rutle,goodBoy
Jenex,badBoy
Dorin,badBoy
Harva,badBoy
Delci,badBoy
Michi,badBoy
Selin,badBoy
Annal,goodBoy
Leamo,badBoy
Lemar,badBoy
Arlet,goodBoy
Twyla,badBoy
Adanx,goodBoy
Arnet,goodBoy
Elven,badBoy
Tomiy,badBoy
Corab,badBoy
Alfar,goodBoy
Billy,badBoy
Ruiex,goodBoy
Isiac,badBoy
Georg,badBoy
Laury,badBoy
Greer,badBoy
Cathe,badBoy
Alyne,goodBoy
Dicks,badBoy
Rosal,badBoy
Elvax,badBoy
Winfe,badBoy
Harvi,badBoy
Yukio,goodBoy
Willi,badBoy
Shirl,badBoy
Yorkx,badBoy
Perni,badBoy
Vicie,badBoy
Lotti,badBoy
Nobuo,badBoy
Barni,badBoy
Alpho,goodBoy
Bliss,badBoy
Othie,badBoy
Zimmi,badBoy
Beata,badBoy
Consu,badBoy
Maryh,badBoy
Nieve,badBoy
Grenv,badBoy
Mered,badBoy
Halin,badBoy
Twyma,badBoy
Birdi,badBoy
Theax,badBoy
Mills,badBoy
Melst,badBoy
Gaill,badBoy
Doris,badBoy
Holbe,badBoy
Lansi,badBoy
Margu,badBoy
Leana,badBoy
Lunsf,goodBoy
Fabia,badBoy
Wessx,badBoy
Ferna,badBoy
Hilde,badBoy
Launa,badBoy
Evyxx,badBoy
Elano,badBoy
Lilly,badBoy
Cecil,badBoy
Karla,badBoy
Sulax,goodBoy
Claxt,badBoy
Waylo,badBoy
Ruber,goodBoy
Eston,badBoy
Madel,badBoy
Desta,badBoy
Maryo,badBoy
Junit,goodBoy
Lauri,badBoy
Coren,badBoy
Herve,badBoy
Elery,badBoy
Dulci,goodBoy
Manue,badBoy
Lissi,badBoy
Enidx,badBoy
Carry,badBoy
Georg,badBoy
Blann,badBoy
Shizu,badBoy
Parth,badBoy
Tranq,badBoy
Emert,badBoy
Bunyo,goodBoy
Lucin,goodBoy
Jammi,badBoy
Ansel,goodBoy
Vladi,badBoy
Smith,badBoy
Anneb,goodBoy
Kelvi,badBoy
Osbyx,badBoy
Ether,badBoy
Savan,badBoy
Elwin,badBoy
Varne,badBoy
Selde,badBoy
Guido,goodBoy
Verle,badBoy
Margo,badBoy
Polli,badBoy
Eldon,badBoy
Maxim,badBoy
Leber,badBoy
Wille,badBoy
Berna,badBoy
Aikox,goodBoy
Letax,badBoy
Hamxx,badBoy
Berta,badBoy
Falli,badBoy
Maril,badBoy
Carol,badBoy
Owens,badBoy
Ophia,badBoy
Honey,badBoy
Darby,badBoy
Coret,badBoy
Tommi,badBoy
Marle,badBoy
Luise,goodBoy
Ramie,badBoy
Mosel,badBoy
Hoste,badBoy
Cassi,badBoy
Rodol,badBoy
Parkx,badBoy
Natha,badBoy
Genei,badBoy
Gisel,badBoy
Lucil,goodBoy
Telma,badBoy
Clell,badBoy
Telfo,badBoy
Odinx,badBoy
Chanc,badBoy
Lowis,badBoy
Genol,badBoy
Imoge,badBoy
Cozet,badBoy
Burne,goodBoy
Maxen,badBoy
Cortl,badBoy
Willm,badBoy
Perci,badBoy
Otili,badBoy
Gaspa,badBoy
Ludmi,goodBoy
Othax,badBoy
Harli,badBoy
Maria,badBoy
Earyx,badBoy
Melve,badBoy
Alver,goodBoy
Phyll,badBoy
Phili,badBoy
Flaur,badBoy
Cleme,badBoy
Ezell,badBoy
Wealt,badBoy
Maxin,badBoy
Alley,goodBoy
Morry,badBoy
Juani,goodBoy
Dickx,badBoy
Teret,badBoy
Lizet,badBoy
Archi,goodBoy
Cicer,badBoy
Buela,goodBoy
Angel,goodBoy
Lucyl,goodBoy
Arbel,goodBoy
Valar,badBoy
Jesus,badBoy
Gayne,badBoy
Willf,badBoy
Paolo,badBoy
Lizax,badBoy
Lynda,badBoy
Evaxx,badBoy
Katha,badBoy
Horac,badBoy
Arret,goodBoy
Evely,badBoy
Stace,badBoy
Beaut,badBoy
Eiler,badBoy
Patti,badBoy
Jabus,badBoy
Domen,badBoy
Amesx,goodBoy
Wilki,badBoy
Leata,badBoy
Ernst,badBoy
Tilma,badBoy
Arlin,goodBoy
Ariax,goodBoy
Horte,badBoy
Dasie,badBoy
Lethi,badBoy
Sankx,badBoy
Dunba,goodBoy
Payto,badBoy
Verba,badBoy
Weldo,badBoy
Berni,badBoy
Miran,badBoy
Verin,badBoy
Susan,goodBoy
Peder,badBoy
Audax,goodBoy
Oreta,badBoy
Willi,badBoy
Winni,badBoy
Mccoy,badBoy
Dilla,badBoy
Simon,badBoy
Patex,badBoy
Appie,goodBoy
Leana,badBoy
Doree,badBoy
Lebur,badBoy
Gurni,goodBoy
Reesx,badBoy
Benne,badBoy
Offie,badBoy
Pauly,badBoy
Pinax,badBoy
Adela,goodBoy
Nicol,badBoy
Odiex,badBoy
Luann,goodBoy
Algie,goodBoy
Nidax,badBoy
Vicxx,badBoy
Clari,badBoy
Olonx,badBoy
Moron,badBoy
Elzen,badBoy
Pearc,badBoy
Melbo,badBoy
Britt,badBoy
Walke,badBoy
Latti,badBoy
Worde,badBoy
Oreat,badBoy
Cleax,badBoy
Bolde,badBoy
Earvi,badBoy
Gorge,badBoy
Domin,badBoy
Lawye,badBoy
Brown,badBoy
Casim,badBoy
Rosal,badBoy
Ezeki,badBoy
Rinax,badBoy
Texxx,badBoy
Pleas,badBoy
Graft,badBoy
Clanc,badBoy
Garyx,badBoy
Colet,badBoy
Adena,goodBoy
Fleta,badBoy
Johns,badBoy
Junie,goodBoy
Anexx,goodBoy
Karlx,badBoy
Luste,goodBoy
Telli,badBoy
Cleme,badBoy
Ladie,badBoy
Lawso,badBoy
Ailen,goodBoy
Conax,badBoy
Orlan,badBoy
Desda,badBoy
Agust,goodBoy
Barto,badBoy
Mayfi,badBoy
Hoyxx,badBoy
Merri,badBoy
Clove,badBoy
Araxx,goodBoy
Samel,badBoy
Perin,badBoy
Tassi,badBoy
Zenda,badBoy
Marly,badBoy
Marie,badBoy
Lurle,goodBoy
Cleme,badBoy
Curri,goodBoy
Madal,badBoy
Andre,goodBoy
Burnh,goodBoy
Erich,badBoy
Alfon,goodBoy
Welth,badBoy
Nylex,badBoy
Ociex,badBoy
Ferro,badBoy
Mance,badBoy
Antho,goodBoy
Firmi,badBoy
Carle,badBoy
Leama,badBoy
Ilerx,badBoy
Anaxx,goodBoy
Marav,badBoy
Jemim,badBoy
Pietr,badBoy
Joseh,badBoy
Arlan,goodBoy
Margi,badBoy
Rhodi,badBoy
Vince,badBoy
Metti,badBoy
Blase,badBoy
Margu,badBoy
Mazzi,badBoy
Marji,badBoy
Maisi,badBoy
Vande,badBoy
Haide,badBoy
Molly,badBoy
Wilmo,badBoy
Lurli,goodBoy
Charl,badBoy
Worle,badBoy
Lovia,badBoy
Despi,badBoy
Sheph,badBoy
Oneta,badBoy
Ezeki,badBoy
Berna,badBoy
Ellsw,badBoy
Engax,badBoy
Elonz,badBoy
Verne,badBoy
Louci,badBoy
Clems,badBoy
Kitxx,badBoy
Sylva,badBoy
Piers,badBoy
Calip,badBoy
Annel,goodBoy
Zenus,badBoy
Cosby,badBoy
Jepth,badBoy
Oleta,badBoy
Vonxx,badBoy
Clela,badBoy
Charl,badBoy
Otaxx,badBoy
Clovi,badBoy
Murvi,goodBoy
Marie,badBoy
Erisx,badBoy
Eastm,badBoy
Cecil,badBoy
Gerva,badBoy
Lenor,badBoy
Savil,badBoy
Stewa,badBoy
Georg,badBoy
Carle,badBoy
Ludge,goodBoy
Leota,badBoy
Burge,goodBoy
Alean,goodBoy
Bette,badBoy
Corne,badBoy
Zurax,goodBoy
Almox,goodBoy
Hyrum,badBoy
Phebe,badBoy
Ezola,badBoy
Ignat,badBoy
Lesli,badBoy
Miyak,badBoy
Clari,badBoy
Stefa,badBoy
Maria,badBoy
Katri,badBoy
Arnel,goodBoy
Marce,badBoy
Metha,badBoy
Salle,badBoy
Zelma,badBoy
Madel,badBoy
Grego,badBoy
Zilla,badBoy
Talit,badBoy
Donni,badBoy
Sarah,badBoy
Dioni,badBoy
Afton,goodBoy
Armel,goodBoy
Elzor,badBoy
Ivonx,badBoy
Lucie,goodBoy
Sinda,badBoy
Uvaxx,badBoy
Carme,badBoy
Pedro,badBoy
Vivan,badBoy
Idora,badBoy
Spiro,badBoy
Satsu,badBoy
Arlea,goodBoy
Vanna,badBoy
Emmet,badBoy
Pelli,badBoy
Joyex,badBoy
Villa,badBoy
Schol,badBoy
Okalx,badBoy
Amonx,goodBoy
Isado,badBoy
Erlax,badBoy
Nesto,badBoy
Greel,badBoy
Effax,badBoy
Lilli,badBoy
Crest,badBoy
Vande,badBoy
Rheld,badBoy
Dosha,badBoy
Orett,badBoy
Varie,badBoy
Bular,goodBoy
Clift,badBoy
Virgi,badBoy
Trell,badBoy
Ulyse,badBoy
Fernx,badBoy
Felic,badBoy
Lumas,goodBoy
Berna,badBoy
Atila,goodBoy
Mathe,badBoy
Everl,badBoy
Eldre,badBoy
Arbyx,goodBoy
Pegxx,badBoy
Marci,badBoy
Druze,badBoy
Angus,goodBoy
Tucke,goodBoy
Gorma,badBoy
Hende,badBoy
Victo,badBoy
Vadis,badBoy
Colis,badBoy
Lance,badBoy
Nolen,badBoy
Lenwa,badBoy
Lelli,badBoy
Marib,badBoy
Still,badBoy
Verne,badBoy
Chonx,badBoy
Lanni,badBoy
Minna,badBoy
Elfax,badBoy
Petro,badBoy
Bille,badBoy
Lilly,badBoy
Victo,badBoy
Alexi,goodBoy
Dorth,badBoy
Celes,badBoy
Arten,goodBoy
Mandi,badBoy
Inell,badBoy
Altie,goodBoy
Armin,goodBoy
Wilbe,badBoy
Ellen,badBoy
Adahx,goodBoy
Guilf,goodBoy
Carle,badBoy
Salom,badBoy
Evere,badBoy
Valia,badBoy
Doyce,badBoy
Mchen,badBoy
Argus,goodBoy
Jeane,badBoy
Marde,badBoy
Alfax,goodBoy
Jonas,badBoy
Matty,badBoy
Audre,goodBoy
Pinkn,badBoy
Aimee,goodBoy
Pembr,badBoy
Ilarx,badBoy
Blant,badBoy
Marga,badBoy
Lorit,badBoy
Mesca,badBoy
Cyxxx,badBoy
Fayet,badBoy
Edris,badBoy
Melvi,badBoy
Obera,goodBoy
Melli,badBoy
Volli,badBoy
Joell,badBoy
Delos,badBoy
Nadax,badBoy
Evand,badBoy
Steph,badBoy
Samso,badBoy
Rozel,badBoy
Desmo,badBoy
Earle,badBoy
Lidie,badBoy
Felma,badBoy
Celin,badBoy
Phala,badBoy
Aniex,goodBoy
Emley,badBoy
Patxx,badBoy
Manso,badBoy
Lexxx,badBoy
Virge,badBoy
Rufus,goodBoy
Lilli,badBoy
Akiko,goodBoy
Ceylo,badBoy
Maxxx,badBoy
Seber,badBoy
Ulisx,badBoy
Berti,badBoy
Namon,badBoy
Nicho,badBoy
Cucax,goodBoy
Carmi,badBoy
Mayme,badBoy
Duwar,goodBoy
Abbyx,goodBoy
Hinto,badBoy
Raffa,badBoy
Aliax,goodBoy
Varda,badBoy
Flora,badBoy
Rembe,badBoy
Lanel,badBoy
Yetta,badBoy
Beedi,badBoy
Maria,badBoy
Samue,badBoy
Estel,badBoy
Betty,badBoy
Morna,badBoy
Humex,goodBoy
Neali,badBoy
Rafex,badBoy
Mitch,badBoy
Jnoxx,badBoy
Alfon,goodBoy
Olasx,badBoy
Sherr,badBoy
Madol,badBoy
Viann,badBoy
Pearl,badBoy
Canut,badBoy
Dinkx,badBoy
Elene,badBoy
Marya,badBoy
Micae,badBoy
Clyst,badBoy
Armid,goodBoy
Arvel,goodBoy
Erlen,badBoy
Pearl,badBoy
Leigh,badBoy
Pearl,badBoy
Leory,badBoy
Brend,badBoy
Marvy,badBoy
Rogel,badBoy
Stati,badBoy
Josph,badBoy
Sammy,badBoy
Asaxx,goodBoy
Glori,badBoy
Versi,badBoy
Isola,badBoy
Romel,badBoy
Luver,goodBoy
Rafae,badBoy
Vilet,badBoy
March,badBoy
Helmi,badBoy
Carth,badBoy
Jewel,badBoy
Brock,badBoy
Gerar,badBoy
Pasca,badBoy
Reyes,badBoy
Dawso,badBoy
Carlo,badBoy
Merre,badBoy
Ursul,badBoy
Elish,badBoy
Luvin,goodBoy
Faust,badBoy
Loude,badBoy
Churc,badBoy
Schuy,badBoy
Madel,badBoy
Lubax,goodBoy
Nicey,badBoy
Alber,goodBoy
Estef,badBoy
Omarx,badBoy
Farre,badBoy
Lanax,badBoy
Clela,badBoy
Junie,goodBoy
Augus,goodBoy
Niilo,badBoy
Autho,goodBoy
Verni,badBoy
Viggo,badBoy
Elmus,badBoy
Zenax,badBoy
Athal,goodBoy
Pearl,badBoy
Irvin,badBoy
Katha,badBoy
Corte,badBoy
Janit,badBoy
Arnol,goodBoy
Cloyc,badBoy
Nicol,badBoy
Murlx,goodBoy
Yoshi,badBoy
Gwend,badBoy
Isabe,badBoy
Ottxx,badBoy
Baldw,badBoy
Feder,badBoy
Takas,badBoy
Enesx,badBoy
Arlon,goodBoy
Print,badBoy
Conge,badBoy
Chery,badBoy
Kimba,badBoy
Virgi,badBoy
Gussx,goodBoy
Zebul,badBoy
Irjax,badBoy
Olanx,badBoy
Eurek,goodBoy
Wadsw,badBoy
Harry,badBoy
Shizu,badBoy
Hansx,badBoy
Venna,badBoy
Armst,goodBoy
Marco,badBoy
Jedxx,badBoy
Josey,badBoy
Elute,badBoy
Carso,badBoy
Eulas,goodBoy
Armon,goodBoy
Wesli,badBoy
Minor,badBoy
Coyla,badBoy
Kikue,badBoy
Ellwo,badBoy
Eline,badBoy
Marve,badBoy
Elise,badBoy
Armin,goodBoy
Josep,badBoy
Mirti,badBoy
Hopie,badBoy
Armen,goodBoy
Mance,badBoy
Angel,goodBoy
Drusi,badBoy
Hubba,goodBoy
Rosel,badBoy
Marve,badBoy
Covax,badBoy
Edoxx,badBoy
Leont,badBoy
Princ,badBoy
Imoge,badBoy
Lotus,badBoy
Liane,badBoy
Arzet,goodBoy
Mimmi,badBoy
Enzie,badBoy
Metro,badBoy
Reyno,badBoy
Sulli,goodBoy
Piusx,badBoy
Arzel,goodBoy
Noemi,badBoy
Binni,badBoy
Loven,badBoy
Nugen,goodBoy
Jacks,badBoy
Byard,badBoy
Datha,badBoy
Lilah,badBoy
Kitty,badBoy
Colin,badBoy
Rheba,badBoy
Colby,badBoy
Natti,badBoy
Ladis,badBoy
Albio,goodBoy
Isabe,badBoy
Renna,badBoy
Royce,badBoy
Brend,badBoy
Sophi,badBoy
Clori,badBoy
Cloey,badBoy
Dorth,badBoy
Vespe,badBoy
Zedax,badBoy
Proct,badBoy
Eleza,badBoy
Artha,goodBoy
Canni,badBoy
Julie,goodBoy
Alexa,goodBoy
Crock,badBoy
Rosel,badBoy
Tobit,badBoy
Isado,badBoy
Johan,badBoy
Zarag,badBoy
Casim,badBoy
Johnn,badBoy
Doxie,badBoy
Glady,badBoy
Jenne,badBoy
Gailx,badBoy
Elmon,badBoy
Itaxx,badBoy
Ginax,badBoy
Matil,badBoy
Petro,badBoy
Rudol,goodBoy
Nasar,badBoy
Trini,badBoy
Conce,badBoy
Herma,badBoy
Lilli,badBoy
Beatr,badBoy
Carox,badBoy
Claud,badBoy
Mottx,badBoy
Milox,badBoy
Elixx,badBoy
Dream,badBoy
Farri,badBoy
Wills,badBoy
Jason,badBoy
Roswe,badBoy
Nelwy,badBoy
Leela,badBoy
Seich,badBoy
Lovax,badBoy
Berax,badBoy
Gabor,badBoy
Griff,badBoy
Bufor,goodBoy
Noeli,badBoy
Otill,badBoy
Maria,badBoy
Cathr,badBoy
Gazel,badBoy
Hatsu,badBoy
Reath,badBoy
Romie,badBoy
Vlast,badBoy
Melax,badBoy
Natsu,badBoy
Roset,badBoy
Walth,badBoy
Janel,badBoy
Monti,badBoy
Maria,badBoy
Ailee,goodBoy
Josie,badBoy
Esker,badBoy
Erdin,badBoy
Grego,badBoy
Phyli,badBoy
Evaly,badBoy
Allen,goodBoy
Meyer,badBoy
Marze,badBoy
Saman,badBoy
Arlie,goodBoy
Vicen,badBoy
Mitsu,badBoy
Ellio,badBoy
Sawye,badBoy
Truda,badBoy
Morse,badBoy
Isacx,badBoy
Jocie,badBoy
Delvi,badBoy
Prett,badBoy
Obadi,goodBoy
Charl,badBoy
Wheel,badBoy
Shige,badBoy
Alvia,goodBoy
Revis,badBoy
Crist,badBoy
Ginox,badBoy
Boyxx,badBoy
Byfor,badBoy
Adolp,goodBoy
Byrdx,badBoy
Valer,badBoy
Elias,badBoy
Angel,goodBoy
Ismax,badBoy
Benig,badBoy
Alvis,goodBoy
Dense,badBoy
Masao,badBoy
Debbi,badBoy
Elean,badBoy
Jirox,badBoy
Cecil,badBoy
Genet,badBoy
Sylva,badBoy
Elzad,badBoy
Lovel,badBoy
Ubaxx,goodBoy
Ayako,goodBoy
Madal,badBoy
Purne,goodBoy
Ernes,badBoy
Senai,badBoy
Samps,badBoy
Malve,badBoy
Hilma,badBoy
Carrx,badBoy
Ivenx,badBoy
Leoti,badBoy
Kazim,badBoy
Mardi,badBoy
Carol,badBoy
Wilbo,badBoy
Rivax,badBoy
Ricca,badBoy
Veona,badBoy
Teren,badBoy
Lilla,badBoy
Maner,badBoy
Blond,badBoy
Donni,badBoy
Thres,badBoy
Earne,badBoy
Zoiex,badBoy
Alvil,goodBoy
Elest,badBoy
Wylie,badBoy
Tempi,badBoy
Canno,badBoy
Venni,badBoy
Felis,badBoy
Abney,goodBoy
Celie,badBoy
Gypsy,badBoy
Hidek,badBoy
Defor,badBoy
Athly,goodBoy
Wynel,badBoy
Boots,badBoy
Tirza,badBoy
Thers,badBoy
Reinh,badBoy
Claud,badBoy
Cathe,badBoy
Ronni,badBoy
Elxxx,badBoy
Arril,goodBoy
Veatr,badBoy
Gidxx,badBoy
Edith,badBoy
Redax,badBoy
Harwo,badBoy
Diant,badBoy
Hicks,badBoy
Dover,badBoy
Samie,badBoy
Katha,badBoy
Armis,goodBoy
Flore,badBoy
Sille,badBoy
Alvin,goodBoy
Nicie,badBoy
Loure,badBoy
Donal,badBoy
Floye,badBoy
Forre,badBoy
Gordo,badBoy
Eduar,badBoy
Arlin,goodBoy
Ardel,goodBoy
Urias,badBoy
Evale,badBoy
Clark,badBoy
Lambe,badBoy
Ernes,badBoy
Corin,badBoy
Watso,badBoy
Luthe,goodBoy
Helia,badBoy
Langf,badBoy
Irela,badBoy
Verlx,badBoy
Gayxx,badBoy
Fiore,badBoy
Ardel,goodBoy
Roger,badBoy
Remon,badBoy
Oreli,badBoy
Delia,badBoy
Norri,badBoy
Helga,badBoy
Threa,badBoy
Ofeli,badBoy
Leano,badBoy
Claro,badBoy
Laver,badBoy
Marce,badBoy
Gobel,badBoy
Zenai,badBoy
Plina,badBoy
Loydx,badBoy
Dorot,badBoy
Fedor,badBoy
Maria,badBoy
Murra,goodBoy
Eligh,badBoy
Sunxx,goodBoy
Elmir,badBoy
Edmon,badBoy
Nelsx,badBoy
Sande,badBoy
Tulax,goodBoy
Lalah,badBoy
Orang,badBoy
Anise,goodBoy
Satos,badBoy
Alpho,goodBoy
Laven,badBoy
Verdo,badBoy
Merli,badBoy
Judso,goodBoy
Damon,badBoy
Cloyd,badBoy
Welto,badBoy
Vince,badBoy
Delme,badBoy
Arnit,goodBoy
Katsu,badBoy
Rosax,badBoy
Gertr,badBoy
Hadie,badBoy
Plezx,badBoy
Wanza,badBoy
Narci,badBoy
Perna,badBoy
Bamax,badBoy
Loura,badBoy
Helme,badBoy
Maril,badBoy
Alver,goodBoy
Earli,badBoy
Ozell,badBoy
Milla,badBoy
Cobur,badBoy
Elois,badBoy
Orvil,badBoy
Stell,badBoy
Vanel,badBoy
Ollye,badBoy
Hetty,badBoy
Smile,badBoy
Taftx,badBoy
Secun,badBoy
Hercu,badBoy
Carre,badBoy
Stanl,badBoy
Pinck,badBoy
Milda,badBoy
Mossi,badBoy
Levis,badBoy
Ailix,goodBoy
Earle,badBoy
Leary,badBoy
Margi,badBoy
Eulon,goodBoy
Ellar,badBoy
Ameli,goodBoy
Janet,badBoy
Fayet,badBoy
Vonni,badBoy
Faber,badBoy
Avorx,goodBoy
Leont,badBoy
Halxx,badBoy
Elora,badBoy
Alver,goodBoy
Barne,badBoy
Irmin,badBoy
Orvel,badBoy
Shirl,badBoy
Docto,badBoy
Terry,badBoy
Leell,badBoy
Marga,badBoy
Deaxx,badBoy
Bonit,badBoy
Genev,badBoy
Franc,badBoy
Eulam,goodBoy
Rayxx,badBoy
Ethel,badBoy
Flori,badBoy
Lilli,badBoy
Lucyl,goodBoy
Julio,goodBoy
Edelx,badBoy
Willo,badBoy
Elvis,badBoy
Atlas,goodBoy
Brent,badBoy
Flora,badBoy
Carme,badBoy
Clema,badBoy
Toots,badBoy
Manie,badBoy
Abelx,goodBoy
Toyex,badBoy
Monic,badBoy
Hardi,badBoy
Billy,badBoy
Herse,badBoy
Getti,badBoy
Olida,badBoy
Stanc,badBoy
Autum,goodBoy
Ortha,badBoy
Reubi,badBoy
Pamxx,badBoy
Karle,badBoy
Tsugi,badBoy
Silas,badBoy
Hersh,badBoy
Ichir,badBoy
Harri,badBoy
Angel,goodBoy
Elswo,badBoy
Hildr,badBoy
Issac,badBoy
Jensx,badBoy
Jonny,badBoy
Bosto,badBoy
Herse,badBoy
Jerli,badBoy
Grant,badBoy
Estil,badBoy
Toney,badBoy
Garne,badBoy
Claud,badBoy
Maret,badBoy
Libor,badBoy
Casmi,badBoy
Pazxx,badBoy
Wilde,badBoy
Pearl,badBoy
Bryan,badBoy
Clyte,badBoy
Ryanx,badBoy
Madie,badBoy
Junet,goodBoy
Duran,goodBoy
Lilbu,badBoy
Darth,badBoy
Wilmo,badBoy
Brook,badBoy
Phila,badBoy
Conni,badBoy
Robxx,badBoy
Egidi,badBoy
Harmo,badBoy
Myrti,badBoy
Arlei,goodBoy
Murre,goodBoy
Lethe,badBoy
Victo,badBoy
Emoge,badBoy
Otisx,badBoy
Wintx,badBoy
Valli,badBoy
Moniq,badBoy
Amiel,goodBoy
Annxx,goodBoy
Corbe,badBoy
Vales,badBoy
Arlan,goodBoy
Gwenx,badBoy
Idaxx,badBoy
Toini,badBoy
Denax,badBoy
Colli,badBoy
Viena,badBoy
Nicol,badBoy
Ashby,goodBoy
Woods,badBoy
Jetti,badBoy
Virax,badBoy
Curti,goodBoy
Paral,badBoy
Lydax,badBoy
Faust,badBoy
Blanc,badBoy
Wavel,badBoy
Donal,badBoy
Verti,badBoy
Minol,badBoy
Manfo,badBoy
Delfi,badBoy
Rodie,badBoy
Gates,badBoy
Petri,badBoy
Eltax,badBoy
Maebe,badBoy
Cresc,badBoy
Madis,badBoy
Randa,badBoy
Lovet,badBoy
Aslee,goodBoy
Berna,badBoy
Ardyt,goodBoy
Chris,badBoy
Lolax,badBoy
Lenoi,badBoy
Drewx,badBoy
Fillm,badBoy
Margu,badBoy
Gabri,badBoy
Nicol,badBoy
Oneit,badBoy
Rolle,badBoy
Misao,badBoy
Joyxx,badBoy
Myril,badBoy
Ainax,goodBoy
Vanet,badBoy
Ursul,badBoy
Petxx,badBoy
Hersh,badBoy
Louid,badBoy
Florr,badBoy
Corli,badBoy
Zelme,badBoy
Norva,badBoy
Orvil,badBoy
Carlu,badBoy
Milas,badBoy
Etola,badBoy
Zacha,badBoy
Eller,badBoy
Katyx,badBoy
Suddi,goodBoy
Haral,badBoy
Kings,badBoy
Sherr,badBoy
Liler,badBoy
Emitx,badBoy
Marce,badBoy
Verne,badBoy
Evest,badBoy
Pheba,badBoy
Gabri,badBoy
Mazel,badBoy
Claud,badBoy
Dorot,badBoy
Randx,badBoy
Verbi,badBoy
Wayma,badBoy
Merci,badBoy
Thorv,badBoy
Wilsi,badBoy
Blasa,badBoy
Magal,badBoy
Raque,badBoy
Emely,badBoy
Catha,badBoy
Norbe,badBoy
Sumie,goodBoy
Verdi,badBoy
Perfe,badBoy
Waino,badBoy
Byrne,badBoy
Ysabe,badBoy
Miche,badBoy
Takao,badBoy
Orlen,badBoy
Texas,badBoy
Dotti,badBoy
Lever,badBoy
Lodax,badBoy
Harte,badBoy
Kearn,badBoy
Neilx,badBoy
Golde,badBoy
Alden,goodBoy
Melit,badBoy
Idali,badBoy
Maren,badBoy
Odell,badBoy
Armel,goodBoy
Julex,goodBoy
Gaine,badBoy
Nilsx,badBoy
Arron,goodBoy
Corne,badBoy
Ivahx,badBoy
Iness,badBoy
Emeld,badBoy
Judex,goodBoy
Anani,goodBoy
Ethri,badBoy
Fores,badBoy
Loune,badBoy
Vesti,badBoy
Annad,goodBoy
Steph,badBoy
Gover,badBoy
Wylen,badBoy
Laure,badBoy
Almed,goodBoy
Rexxx,badBoy
Luber,goodBoy
Pierc,badBoy
Laird,badBoy
Matax,badBoy
Waldr,badBoy
Lizie,badBoy
Exild,badBoy
Ulmer,badBoy
Ricax,badBoy
Migno,badBoy
Earax,badBoy
Romai,badBoy
Macar,badBoy
Lelia,badBoy
Miria,badBoy
Bedfo,badBoy
Flemx,badBoy
Agnes,goodBoy
Zonax,badBoy
Berne,badBoy
Rafel,badBoy
Nelso,badBoy
Bonif,badBoy
Cenia,badBoy
Luell,goodBoy
Vened,badBoy
Brige,badBoy
Lamon,badBoy
Salva,badBoy
Berdi,badBoy
Charl,badBoy
Rober,badBoy
Wanon,badBoy
Elvie,badBoy
Arzel,goodBoy
Fredn,badBoy
Flori,badBoy
Frank,badBoy
Georg,badBoy
Sarit,badBoy
Ampar,goodBoy
Winto,badBoy
Loree,badBoy
Gerha,badBoy
Vanex,badBoy
Setsu,badBoy
Hudie,goodBoy
Tsuto,badBoy
Regen,badBoy
Gonza,badBoy
Zippo,badBoy
Wmxxx,badBoy
Casim,badBoy
Caswe,badBoy
Elisa,badBoy
Lucil,goodBoy
Adiex,goodBoy
Ouida,goodBoy
Lurle,goodBoy
Jobex,badBoy
Agost,goodBoy
Arvel,goodBoy
Clear,badBoy
Loven,badBoy
Justi,goodBoy
Caspe,badBoy
Const,badBoy
Mayde,badBoy
Dupre,goodBoy
Clest,badBoy
Evert,badBoy
Ildax,badBoy
Thaye,badBoy
Daisy,badBoy
Valor,badBoy
Bubbe,goodBoy
Miley,badBoy
Madal,badBoy
Ruthe,goodBoy
Lucie,goodBoy
Wilbu,badBoy
Marta,badBoy
Gerom,badBoy
Verno,badBoy
Verne,badBoy
Exerx,badBoy
Fishe,badBoy
Broug,badBoy
Wavex,badBoy
Alyda,goodBoy
Nadja,badBoy
Zylph,badBoy
Stefa,badBoy
Berwy,badBoy
Norto,badBoy
Ariet,goodBoy
Ardax,goodBoy
Ansel,goodBoy
Ashto,goodBoy
Corde,badBoy
Eraxx,badBoy
Nedxx,badBoy
Donis,badBoy
Minda,badBoy
Orson,badBoy
Evora,badBoy
Elmer,badBoy
Viney,badBoy
Autie,goodBoy
Hideo,badBoy
Johan,badBoy
Annet,goodBoy
Mauri,badBoy
Kerne,badBoy
Ruthi,goodBoy
Ruper,goodBoy
Margu,badBoy
Vinci,badBoy
Mikel,badBoy
Paige,badBoy
Lilla,badBoy
Euvax,goodBoy
Marvi,badBoy
Attie,goodBoy
Mason,badBoy
Armen,goodBoy
Berge,badBoy
Accur,goodBoy
Mayze,badBoy
Ferne,badBoy
Elrid,badBoy
Conce,badBoy
Eldri,badBoy
Emery,badBoy
Nelta,badBoy
Aline,goodBoy
Ollax,badBoy
Ovell,badBoy
Braxt,badBoy
Klara,badBoy
Rawle,badBoy
Rodol,badBoy
Claud,badBoy
Velta,badBoy
Margx,badBoy
Vedax,badBoy
Seraf,badBoy
Aloys,goodBoy
Wille,badBoy
Reeci,badBoy
Norve,badBoy
Alvar,goodBoy
Ludwi,goodBoy
Vearl,badBoy
Stazi,badBoy
Wlady,badBoy
Armon,goodBoy
Wadex,badBoy
Katha,badBoy
Mcart,badBoy
Annab,goodBoy
Lucia,goodBoy
Arche,goodBoy
Lynde,badBoy
Ruthe,goodBoy
Pearl,badBoy
Blanc,badBoy
Blair,badBoy
Everl,badBoy
Jenne,badBoy
Nevin,badBoy
Chari,badBoy
Verde,badBoy
Laure,badBoy
Reaso,badBoy
Gerni,badBoy
Euret,goodBoy
Monet,badBoy
Freem,badBoy
Chair,badBoy
Arabe,goodBoy
Auror,goodBoy
Elidi,badBoy
Monna,badBoy
Osker,badBoy
Leila,badBoy
Anast,goodBoy
Orelx,badBoy
Ambro,goodBoy
Penni,badBoy
Wynel,badBoy
Wattx,badBoy
Leoni,badBoy
Malvi,badBoy
Merce,badBoy
Jenne,badBoy
Camel,badBoy
Arman,goodBoy
Leand,badBoy
Dimpl,badBoy
Erski,badBoy
Lolam,badBoy
Bethe,badBoy
Irvin,badBoy
Dariu,badBoy
Arvel,goodBoy
Louel,badBoy
Maura,badBoy
Darth,badBoy
Coron,badBoy
Walli,badBoy
Vinso,badBoy
Veryl,badBoy
Corne,badBoy
Berne,badBoy
Hamer,badBoy
Sissi,badBoy
Maudx,badBoy
Anton,goodBoy
Bolto,badBoy
Tatia,badBoy
Jossi,badBoy
Adell,goodBoy
Teres,badBoy
Genow,badBoy
Faust,badBoy
Libia,badBoy
Lando,badBoy
Madel,badBoy
Gurvi,goodBoy
Solon,badBoy
Fairy,badBoy
Siste,badBoy
Preci,badBoy
Maure,badBoy
Gertr,badBoy
Orene,badBoy
Laree,badBoy
Verdi,badBoy
Gabin,badBoy
Stanl,badBoy
Houst,badBoy
Britt,badBoy
Maiex,badBoy
Landr,badBoy
Lemxx,badBoy
Geral,badBoy
Essie,badBoy
Julio,goodBoy
Oivax,badBoy
Janet,badBoy
Emman,badBoy
Daris,badBoy
Rozal,badBoy
Auder,goodBoy
Jonah,badBoy
Coren,badBoy
Monax,badBoy
Cleav,badBoy
Lawer,badBoy
Hanle,badBoy
Carle,badBoy
Rastu,badBoy
Thorw,badBoy
Lilli,badBoy
Radie,badBoy
Martx,badBoy
Bapti,badBoy
Blanc,badBoy
Aleth,goodBoy
Cappi,badBoy
Ethel,badBoy
Veldo,badBoy
Thurl,badBoy
Shelt,badBoy
Rayme,badBoy
Alwin,goodBoy
Lorax,badBoy
Donne,badBoy
Ruppe,goodBoy
Margo,badBoy
Amiex,goodBoy
Udell,badBoy
Ferna,badBoy
Napol,badBoy
Ruthy,goodBoy
Ebbax,goodBoy
Lavin,badBoy
Olerx,badBoy
Dotsi,badBoy
Natho,badBoy
Ceasa,badBoy
Vinet,badBoy
Edlax,badBoy
Rosel,badBoy
Lyall,badBoy
Burke,goodBoy
Stoke,badBoy
Robbi,badBoy
Ammax,goodBoy
Aldri,goodBoy
Casim,badBoy
Gusti,goodBoy
Shizu,badBoy
Regin,badBoy
Higin,badBoy
Nobor,badBoy
Ovidx,badBoy
Lenor,badBoy
Lempi,badBoy
Moult,badBoy
Rodxx,badBoy
Mable,badBoy
Emeli,badBoy
Creig,badBoy
Verle,badBoy
Hughe,goodBoy
Austo,goodBoy
Laila,badBoy
Catar,badBoy
Socra,badBoy
Corin,badBoy
Malis,badBoy
Orell,badBoy
Magal,badBoy
Theti,badBoy
Edwar,badBoy
Lenna,badBoy
Truly,badBoy
Pauli,badBoy
Baron,badBoy
Elexx,badBoy
Haven,badBoy
Flori,badBoy
Arnet,goodBoy
Mathi,badBoy
Marde,badBoy
Elton,badBoy
Ervin,badBoy
Jerem,badBoy
Sunsh,goodBoy
Lemma,badBoy
Johni,badBoy
Danni,badBoy
Worth,badBoy
Wooda,badBoy
Clote,badBoy
Sadax,badBoy
Rayna,badBoy
Sydne,badBoy
Misso,badBoy
Zanni,badBoy
Arvad,goodBoy
Tobyx,badBoy
Ninfa,badBoy
Rosem,badBoy
Sigri,badBoy
Vesta,badBoy
Roosv,badBoy
Yolax,badBoy
Natha,badBoy
Crosb,badBoy
Adlai,goodBoy
Ionia,badBoy
Hilar,badBoy
Baile,badBoy
Henri,badBoy
Rinox,badBoy
Wilbo,badBoy
Azale,goodBoy
Arlen,goodBoy
Cathr,badBoy
Kenda,badBoy
Vonci,badBoy
Laren,badBoy
Foyex,badBoy
Eziox,badBoy
Nerax,badBoy
Mingo,badBoy
Trula,badBoy
Yates,badBoy
Genev,badBoy
Earle,badBoy
Gentl,badBoy
Clydi,badBoy
Amand,goodBoy
Girle,badBoy
Gleni,badBoy
Eduar,badBoy
Nelie,badBoy
Pansi,badBoy
Orvil,badBoy
Sylve,badBoy
Haigx,badBoy
Lolit,badBoy
Ivanx,badBoy
Aloni,goodBoy
Elgin,badBoy
Taimi,badBoy
Carle,badBoy
Corbi,badBoy
Louin,badBoy
Joanx,badBoy
Ethly,badBoy
Torao,badBoy
Diana,badBoy
Benja,badBoy
Cyren,badBoy
Arvin,goodBoy
Madel,badBoy
Odesx,badBoy
Burde,goodBoy
Morte,badBoy
Rushx,goodBoy
Kenna,badBoy
Cecil,badBoy
Areta,goodBoy
Rosel,badBoy
Marti,badBoy
Gille,badBoy
Malis,badBoy
Pratt,badBoy
Melbu,badBoy
Gless,badBoy
Lynne,badBoy
Carri,badBoy
Elect,badBoy
Malta,badBoy
Ozelm,badBoy
Viexx,badBoy
Eolax,badBoy
Louxx,badBoy
Almax,goodBoy
Corda,badBoy
Riley,badBoy
Venus,badBoy
Linar,badBoy
Adlee,goodBoy
Floyd,badBoy
Sheli,badBoy
Fleur,badBoy
Amado,goodBoy
Evert,badBoy
Dexxx,badBoy
Slimx,badBoy
Stant,badBoy
Prent,badBoy
Wynon,badBoy
Milli,badBoy
Clara,badBoy
Bionx,badBoy
Gladi,badBoy
Lilas,badBoy
Alonz,goodBoy
Loyal,badBoy
Lorei,badBoy
Delph,badBoy
Milbu,badBoy
Rosan,badBoy
Rasmu,badBoy
Oleva,badBoy
Luren,goodBoy
Camel,badBoy
Adali,goodBoy
Larsx,badBoy
Meril,badBoy
Amilx,goodBoy
Claud,badBoy
Blanc,badBoy
Sally,badBoy
Reeva,badBoy
Richi,badBoy
Cleox,badBoy
Elyse,badBoy
Atlee,goodBoy
Narci,badBoy
Gretc,badBoy
Sarep,badBoy
Penel,badBoy
Arabe,goodBoy
Jacqu,badBoy
Thosx,badBoy
Luber,goodBoy
Orion,badBoy
Glynn,badBoy
Laban,badBoy
Berte,badBoy
Jettx,badBoy
Gertu,badBoy
Green,badBoy
Edmee,badBoy
Edren,badBoy
Adell,goodBoy
Arvax,goodBoy
Ellen,badBoy
Myrla,badBoy
Bland,badBoy
Zeffi,badBoy
Minar,badBoy
Delta,badBoy
Jackx,badBoy
Rosin,badBoy
Abron,goodBoy
Edyth,badBoy
Benne,badBoy
Reube,badBoy
Aubry,goodBoy
Ozaxx,badBoy
Joana,badBoy
Betty,badBoy
Artho,goodBoy
Truex,badBoy
Darel,badBoy
Alvie,goodBoy
Rosab,badBoy
Prudi,badBoy
Gueld,goodBoy
Moore,badBoy
Donat,badBoy
Zelia,badBoy
Arsen,goodBoy
Girth,badBoy
Faexx,badBoy
Elnor,badBoy
Exiex,badBoy
Class,badBoy
Sylvi,badBoy
Canda,badBoy
Adolp,goodBoy
Glady,badBoy
Lunet,goodBoy
Maybe,badBoy
Cozie,badBoy
Yukiy,goodBoy
Therm,badBoy
Cyril,badBoy
Elaxx,badBoy
Spurg,badBoy
Nanxx,badBoy
Salen,badBoy
Carol,badBoy
Merwi,badBoy
Dosia,badBoy
Nelse,badBoy
Gervi,badBoy
Belle,badBoy
Icaxx,badBoy
Bryon,badBoy
Sopha,badBoy
Naden,badBoy
Ermal,badBoy
Salom,badBoy
Viona,badBoy
Forne,badBoy
Tonix,badBoy
Lamon,badBoy
Lankf,badBoy
Glady,badBoy
Annab,goodBoy
Dixon,badBoy
Vaugh,badBoy
Sabra,badBoy
Flore,badBoy
Vevax,badBoy
Franc,badBoy
Elnit,badBoy
Fronn,badBoy
Hilbe,badBoy
Wilci,badBoy
Sonni,badBoy
Sarra,badBoy
Durax,goodBoy
Garry,badBoy
Verax,badBoy
Trave,badBoy
Doshi,badBoy
Camel,badBoy
Hisak,badBoy
Sherw,badBoy
Tilly,badBoy
Rogen,badBoy
Iolan,badBoy
Alfri,goodBoy
Vince,badBoy
Desir,badBoy
Angel,goodBoy
Pincu,badBoy
Coret,badBoy
Manue,badBoy
Angel,goodBoy
Masay,badBoy
Phebi,badBoy
Olaxx,badBoy
Lauri,badBoy
Naama,badBoy
Sumak,goodBoy
Ulaxx,badBoy
Genev,badBoy
Ruelx,goodBoy
Diamo,badBoy
Gable,badBoy
Parne,badBoy
Alaxx,goodBoy
Branc,badBoy
Darli,badBoy
Novel,badBoy
Litha,badBoy
Jessi,badBoy
Philb,badBoy
Larue,badBoy
Ezzie,badBoy
Hilax,badBoy
Pearl,badBoy
Oklax,badBoy
Alnor,goodBoy
Chass,badBoy
Soter,badBoy
Ulyse,badBoy
Lonit,badBoy
Elzea,badBoy
Tomyx,badBoy
Dagny,badBoy
Wence,badBoy
Aleta,goodBoy
Kathr,badBoy
Minth,badBoy
Dento,badBoy
Kento,badBoy
Caddi,badBoy
Buddi,goodBoy
Alcie,goodBoy
Alpho,goodBoy
Wilfo,badBoy
Berni,badBoy
Liset,badBoy
Malve,badBoy
Masak,badBoy
Pales,badBoy
Nelli,badBoy
Donal,badBoy
Bynum,badBoy
Beaul,badBoy
Maeol,badBoy
Blend,badBoy
Rhena,badBoy
Orian,badBoy
Necie,badBoy
Retta,badBoy
Delem,badBoy
Mateo,badBoy
Dalex,badBoy
Anast,goodBoy
Augus,goodBoy
Serge,badBoy
Hoove,badBoy
Lavan,badBoy
Revax,badBoy
Sonya,badBoy
Sibbi,badBoy
Dorri,badBoy
Josef,badBoy
Camer,badBoy
Noret,badBoy
Esmex,badBoy
Gazax,badBoy
Steph,badBoy
Benne,badBoy
Linox,badBoy
Royle,badBoy
Pelle,badBoy
Camil,badBoy
Porte,badBoy
Reina,badBoy
Chris,badBoy
Vivax,badBoy
Wilhe,badBoy
Loyce,badBoy
Beuna,badBoy
Beryl,badBoy
Avene,goodBoy
Greth,badBoy
Yoshi,badBoy
Abdon,goodBoy
Vesta,badBoy
Laddi,badBoy
Asenc,goodBoy
Sydel,badBoy
Obedi,goodBoy
Cloxx,badBoy
Italo,badBoy
Fairb,badBoy
Gloyd,badBoy
Emili,badBoy
Libby,badBoy
Guyto,goodBoy
Agued,goodBoy
Woodw,badBoy
Anabe,goodBoy
Rebie,badBoy
Brice,badBoy
Allee,goodBoy
Jenni,badBoy
Willi,badBoy
Geron,badBoy
Delma,badBoy
Valre,badBoy
Aspas,goodBoy
Earli,badBoy
Broni,badBoy
Estil,badBoy
Kayxx,badBoy
Fitzx,badBoy
Clori,badBoy
Vanil,badBoy
Emeli,badBoy
Ralst,badBoy
Aunex,goodBoy
Oleda,badBoy
Ovida,badBoy
Belva,badBoy
Wanna,badBoy
Orphu,badBoy
Lorra,badBoy
Nelle,badBoy
Saund,badBoy
Micha,badBoy
Twill,badBoy
Percy,badBoy
Pelag,badBoy
Hubxx,goodBoy
Arthu,goodBoy
Estel,badBoy
Lovet,badBoy
Cleme,badBoy
Almar,goodBoy
Glida,badBoy
Carme,badBoy
Laver,badBoy
Perci,badBoy
Clore,badBoy
Willi,badBoy
Essye,badBoy
Clars,badBoy
Burel,goodBoy
Ridle,badBoy
Agapi,goodBoy
Fawnx,badBoy
Elisa,badBoy
Lizet,badBoy
Buste,goodBoy
Aleit,goodBoy
Harro,badBoy
Valla,badBoy
Fletc,badBoy
Wilna,badBoy
Wilki,badBoy
Zackx,badBoy
Kinue,badBoy
Rudol,goodBoy
Ellan,badBoy
Ignaz,badBoy
Oneil,badBoy
Thurs,badBoy
Alixx,goodBoy
Delan,badBoy
Erlin,badBoy
Tamar,badBoy
Zerli,badBoy
Filbe,badBoy
Arbax,goodBoy
Roney,badBoy
Benno,badBoy
Jakie,badBoy
Garda,badBoy
Annun,goodBoy
Muset,goodBoy
Macyx,badBoy
Ranal,badBoy
Jordo,badBoy
Daria,badBoy
Betsy,badBoy
Balla,badBoy
Hawle,badBoy
Eleon,badBoy
Carmi,badBoy
Conra,badBoy
Bilbo,badBoy
Elona,badBoy
Sigmu,badBoy
Loran,badBoy
Ramon,badBoy
Ebert,goodBoy
Linds,badBoy
Berli,badBoy
Horte,badBoy
Marse,badBoy
Willm,badBoy
Kikuk,badBoy
Zudor,goodBoy
Mervi,badBoy
Earle,badBoy
Merri,badBoy
Emili,badBoy
Berne,badBoy
Vermo,badBoy
Helmu,badBoy
Nonda,badBoy
Delmo,badBoy
Presi,badBoy
Norma,badBoy
Ysidr,badBoy
Ozell,badBoy
Shizu,badBoy
Maxie,badBoy
Floyc,badBoy
Nelld,badBoy
Alvin,goodBoy
Lille,badBoy
Elmox,badBoy
Mayni,badBoy
Rualx,goodBoy
Coyex,badBoy
Oraxx,badBoy
Antoi,goodBoy
Swann,badBoy
Berti,badBoy
Darlx,badBoy
Harce,badBoy
Aquil,goodBoy
Rebax,badBoy
Dalli,badBoy
Marsh,badBoy
Selda,badBoy
Letty,badBoy
Sadak,badBoy
Omera,badBoy
Thoma,badBoy
Devor,badBoy
Leeno,badBoy
Olive,badBoy
Cloyd,badBoy
Osiex,badBoy
Alene,goodBoy
Viora,badBoy
Maril,badBoy
Idell,badBoy
Georg,badBoy
Nerox,badBoy
Edwxx,badBoy
Clist,badBoy
Loett,badBoy
Flori,badBoy
Ragnh,badBoy
Edmun,badBoy
Chris,badBoy
Maclo,badBoy
Homer,badBoy
Celes,badBoy
Lyell,badBoy
Candy,badBoy
Melvi,badBoy
Loell,badBoy
Woodr,badBoy
Eulal,goodBoy
Estan,badBoy
Wanda,badBoy
Nelia,badBoy
Willi,badBoy
Monte,badBoy
Veoxx,badBoy
Demet,badBoy
Snyde,badBoy
Manol,badBoy
Venie,badBoy
Lexxx,badBoy
Julia,goodBoy
Valer,badBoy
Alvar,goodBoy
Wessi,badBoy
Evale,badBoy
Mario,badBoy
Lynwo,badBoy
Adabe,goodBoy
Linne,badBoy
Butle,goodBoy
Beaur,badBoy
Toyxx,badBoy
Roble,badBoy
Junio,goodBoy
Magie,badBoy
Birti,badBoy
Lored,badBoy
Catal,badBoy
Enriq,badBoy
Bunie,goodBoy
Abbie,goodBoy
Honor,badBoy
Waddi,badBoy
Alexa,goodBoy
Simxx,badBoy
Rande,badBoy
Margu,badBoy
Areat,goodBoy
Moody,badBoy
Corri,badBoy
Arlow,goodBoy
Quill,goodBoy
Orval,badBoy
Desde,badBoy
Sabur,badBoy
Jimmi,badBoy
Herbi,badBoy
Felto,badBoy
Gilbe,badBoy
Arett,goodBoy
Nobuy,badBoy
Althi,goodBoy
Lande,badBoy
Erhar,badBoy
Orlea,badBoy
Louva,badBoy
Jesus,badBoy
Manvi,badBoy
Avoxx,goodBoy
Leona,badBoy
Oland,badBoy
Edsel,badBoy
Clori,badBoy
Todxx,badBoy
Amand,goodBoy
Glady,badBoy
Janne,badBoy
Hersh,badBoy
Ferna,badBoy
Ogden,badBoy
Anton,goodBoy
Harri,badBoy
Dalli,badBoy
Valbo,badBoy
David,badBoy
Endie,badBoy
Fusak,goodBoy
Kelto,badBoy
Engel,badBoy
Kimik,badBoy
Elect,badBoy
Glori,badBoy
Felip,badBoy
Conle,badBoy
Helen,badBoy
Jeann,badBoy
Olive,badBoy
Kathe,badBoy
Kenni,badBoy
Fredr,badBoy
Hedwi,badBoy
Alina,goodBoy
Barne,badBoy
Miona,badBoy
Alzax,goodBoy
Sedon,badBoy
Myrel,badBoy
Eliga,badBoy
Mayze,badBoy
Alley,goodBoy
Locki,badBoy
Elino,badBoy
Augus,goodBoy
Aneta,goodBoy
Candi,badBoy
Marqu,badBoy
Lilia,badBoy
Grayc,badBoy
Elano,badBoy
Whitx,badBoy
Miles,badBoy
Selen,badBoy
Elena,badBoy
Winni,badBoy
Fremo,badBoy
Byron,badBoy
Letta,badBoy
Novel,badBoy
Theod,badBoy
Gweni,badBoy
Steff,badBoy
Duffi,goodBoy
Wynet,badBoy
Berti,badBoy
Milla,badBoy
Carro,badBoy
Cande,badBoy
Toyok,badBoy
Nolli,badBoy
Floyd,badBoy
Josep,badBoy
Monta,badBoy
Lossi,badBoy
Clari,badBoy
Glinn,badBoy
Emili,badBoy
Mauri,badBoy
Orlin,badBoy
Annet,goodBoy
Allie,goodBoy
Charl,badBoy
Creol,badBoy
Astax,goodBoy
Zaida,badBoy
Lille,badBoy
Gerth,badBoy
Vadax,badBoy
Bengi,badBoy
Norma,badBoy
Ezell,badBoy
Walla,badBoy
Marli,badBoy
Myrti,badBoy
Tinyx,badBoy
Jenet,badBoy
Alber,goodBoy
Arlet,goodBoy
Nutex,goodBoy
Remox,badBoy
Reexx,badBoy
Worth,badBoy
Kathe,badBoy
Levon,badBoy
Welde,badBoy
Dayle,badBoy
Vyron,badBoy
Cliox,badBoy
Polly,badBoy
Alleg,goodBoy
Kempe,badBoy
Thadd,badBoy
Uriah,badBoy
Oreth,badBoy
Erlon,badBoy
Wenda,badBoy
Finle,badBoy
Willa,badBoy
Gilbe,badBoy
Theck,badBoy
Merti,badBoy
Doril,badBoy
Leone,badBoy
Josie,badBoy
Armer,goodBoy
Linus,badBoy
Edric,badBoy
Etoyx,badBoy
Morri,badBoy
Cleve,badBoy
Elbyx,badBoy
Cledi,badBoy
Franc,badBoy
Helai,badBoy
Alexa,goodBoy
Emily,badBoy
Holle,badBoy
Ursul,badBoy
Trann,badBoy
Aster,goodBoy
Fritz,badBoy
Menno,badBoy
Ervax,badBoy
Neoma,badBoy
Fritz,badBoy
Cubax,goodBoy
Delie,badBoy
Masto,badBoy
Samie,badBoy
Beech,badBoy
Alven,goodBoy
Jamex,badBoy
Mervi,badBoy
Lacey,badBoy
Garvi,badBoy
Ignat,badBoy
Eleno,badBoy
Iliax,badBoy
Guthr,goodBoy
Lilli,badBoy
Giova,badBoy
Johna,badBoy
Dorth,badBoy
Guila,goodBoy
Santi,badBoy
Olimp,badBoy
Charl,badBoy
Ercol,badBoy
Marya,badBoy
Coral,badBoy
Frazi,badBoy
Elver,badBoy
Oranx,badBoy
Torax,badBoy
Autre,goodBoy
Cline,badBoy
Melvi,badBoy
Henri,badBoy
Genel,badBoy
Felip,badBoy
Leono,badBoy
Hiros,badBoy
Veryl,badBoy
Svenx,badBoy
Marce,badBoy
Alexx,goodBoy
Stanf,badBoy
Artic,goodBoy
Angel,goodBoy
Truet,badBoy
Allee,goodBoy
Lidia,badBoy
Notie,badBoy
Birdx,badBoy
Soled,badBoy
Almir,goodBoy
Beufo,badBoy
Betha,badBoy
Eller,badBoy
Elida,badBoy
Herve,badBoy
Helge,badBoy
Urban,badBoy
Lilit,badBoy
Allin,goodBoy
Marga,badBoy
Lilya,badBoy
Clari,badBoy
Verle,badBoy
Loret,badBoy
Susan,goodBoy
Blodw,badBoy
Melan,badBoy
Harri,badBoy
Yoshi,badBoy
Irmga,badBoy
Dorre,badBoy
Basel,badBoy
Rayfo,badBoy
Leahx,badBoy
Petro,badBoy
Darel,badBoy
Ceilx,badBoy
Keyxx,badBoy
Masaa,badBoy
Idabe,badBoy
Bunax,goodBoy
Althe,goodBoy
Astor,goodBoy
Redfo,badBoy
Chaun,badBoy
Emitt,badBoy
Audel,goodBoy
Dolax,badBoy
Adlen,goodBoy
Aciex,goodBoy
Everx,badBoy
White,badBoy
Grete,badBoy
Cliff,badBoy
Creed,badBoy
Ernie,badBoy
Zonia,badBoy
Palli,badBoy
Alben,goodBoy
Marsh,badBoy
Arpie,goodBoy
Wilme,badBoy
Clari,badBoy
Capxx,badBoy
Katye,badBoy
Garlx,badBoy
Alett,goodBoy
Nelma,badBoy
Ofili,badBoy
Doras,badBoy
Larry,badBoy
Beadi,badBoy
Demar,badBoy
Ingol,badBoy
Berti,badBoy
Thena,badBoy
Barto,badBoy
Allic,goodBoy
Ruexx,goodBoy
Glore,badBoy
Lelea,badBoy
Carlt,badBoy
Mario,badBoy
Ainox,goodBoy
Geniv,badBoy
Wanax,badBoy
Leopo,badBoy
Panse,badBoy
Irisx,badBoy
Velda,badBoy
Holde,badBoy
Zilpa,badBoy
Chizu,badBoy
Birtx,badBoy
Luisa,goodBoy
Viola,badBoy
Sever,badBoy
Castu,badBoy
Alfre,goodBoy
Estel,badBoy
Laure,badBoy
Eulal,goodBoy
Arlen,goodBoy
Jeffe,badBoy
Susan,goodBoy
Banks,badBoy
Adolp,goodBoy
Laray,badBoy
Thelm,badBoy
Capus,badBoy
Reaga,badBoy
Lupit,goodBoy
Izear,badBoy
Eulet,goodBoy
Gemma,badBoy
Johny,badBoy
Ventu,badBoy
Raffa,badBoy
Lovel,badBoy
Venia,badBoy
Gearo,badBoy
Alita,goodBoy
Rulon,goodBoy
Delia,badBoy
Fines,badBoy
Marge,badBoy
Joann,badBoy
Dorot,badBoy
Lurie,goodBoy
Hermi,badBoy
Epifa,badBoy
Ralph,badBoy
Marga,badBoy
Sydel,badBoy
Sinni,badBoy
Arcan,goodBoy
Brons,badBoy
Maryl,badBoy
Elean,badBoy
Felic,badBoy
Purce,goodBoy
Cleti,badBoy
Lorim,badBoy
Rylan,badBoy
Delil,badBoy
Luver,goodBoy
Ormon,badBoy
Mayfo,badBoy
Evanx,badBoy
Elder,badBoy
Loret,badBoy
Rache,badBoy
Orvel,badBoy
Rosal,badBoy
Flori,badBoy
Silvi,badBoy
Julie,goodBoy
Bever,badBoy
Tabit,badBoy
Rexfo,badBoy
Lamar,badBoy
Starr,badBoy
Winso,badBoy
Clara,badBoy
Eviex,badBoy
Ellen,badBoy
Leoca,badBoy
Modes,badBoy
Malco,badBoy
Colvi,badBoy
Parli,badBoy
Carmi,badBoy
Richx,badBoy
Alfre,goodBoy
Marin,badBoy
Rufin,goodBoy
Obexx,goodBoy
Karol,badBoy
Esper,badBoy
Henre,badBoy
Pears,badBoy
Arlei,goodBoy
Irvax,badBoy
Lewie,badBoy
Heste,badBoy
Toshi,badBoy
Orpha,badBoy
Olenx,badBoy
Glend,badBoy
Grayx,badBoy
Rosel,badBoy
Steph,badBoy
Blond,badBoy
Delma,badBoy
Kelse,badBoy
Alfxx,goodBoy
Kenyo,badBoy
Harve,badBoy
Ilona,badBoy
Kazue,badBoy
Berna,badBoy
Sigis,badBoy
Fidel,badBoy
Beula,badBoy
Norvi,badBoy
Venol,badBoy
Merie,badBoy
Kimbl,badBoy
Ednax,badBoy
Armas,goodBoy
Delen,badBoy
Lauri,badBoy
Donel,badBoy
Dorth,badBoy
Carin,badBoy
Onaxx,badBoy
Annas,goodBoy
Gayle,badBoy
Octav,badBoy
Ulyse,badBoy
Almet,goodBoy
Denzi,badBoy
Rolfe,badBoy
Evely,badBoy
Senon,badBoy
Johan,badBoy
Chris,badBoy
Meado,badBoy
Tilli,badBoy
Naomi,badBoy
Irbyx,badBoy
Corbe,badBoy
Daise,badBoy
Libor,badBoy
Ferdi,badBoy
Patse,badBoy
Josip,badBoy
Lumir,goodBoy
Phoeb,badBoy
Vergi,badBoy
Hanna,badBoy
Other,badBoy
Elzad,badBoy
Ranki,badBoy
Santa,badBoy
Salva,badBoy
Cozyx,badBoy
Bruci,badBoy
Steph,badBoy
Nanni,badBoy
Becki,badBoy
Volia,badBoy
Thurm,badBoy
Magar,badBoy
Marye,badBoy
Wince,badBoy
Mahlo,badBoy
Biddi,badBoy
Avone,goodBoy
Booke,badBoy
Arvet,goodBoy
Vitol,badBoy
Divin,badBoy
Coral,badBoy
Evert,badBoy
Cless,badBoy
Eward,badBoy
Cloti,badBoy
Madal,badBoy
Rolla,badBoy
Annye,goodBoy
Zigmu,badBoy
Fidel,badBoy
Halcy,badBoy
Emili,badBoy
Rache,badBoy
Ricka,badBoy
Getru,badBoy
Thurm,badBoy
Beexx,badBoy
Legra,badBoy
Luber,goodBoy
Orvox,badBoy
Carro,badBoy
Reita,badBoy
Lalli,badBoy
Addis,goodBoy
Minni,badBoy
Prudy,badBoy
Louis,badBoy
Mella,badBoy
Wilmo,badBoy
Caled,badBoy
Pearl,badBoy
Franz,badBoy
Filmo,badBoy
Lonie,badBoy
Ermin,badBoy
Wynnx,badBoy
Cesar,badBoy
Cleve,badBoy
Eline,badBoy
Jeane,badBoy
Harle,badBoy
Herli,badBoy
Shelb,badBoy
Duran,goodBoy
Stanw,badBoy
Rolan,badBoy
Romey,badBoy
Domin,badBoy
Carde,badBoy
Wathe,badBoy
Dewey,badBoy
Ulyss,badBoy
Carte,badBoy
Lenar,badBoy
Lunda,goodBoy
Takeo,badBoy
Warre,badBoy
Susan,goodBoy
Olexx,badBoy
Thorn,badBoy
Nelly,badBoy
Rosab,badBoy
Arlea,goodBoy
Willa,badBoy
Tatex,badBoy
Susan,goodBoy
Simps,badBoy
Cynth,badBoy
Acelx,goodBoy
Tadeu,badBoy
Newto,badBoy
Albir,goodBoy
Garla,badBoy
Oleit,badBoy
Rebel,badBoy
Adele,goodBoy
Ociax,badBoy
Valxx,badBoy
Greet,badBoy
Hoffm,badBoy
Rubex,goodBoy
Colet,badBoy
Patri,badBoy
Merri,badBoy
Dorot,badBoy
Levon,badBoy
Chadw,badBoy
Bronn,badBoy
Devax,badBoy
Lahom,badBoy
Arthe,goodBoy
Penro,badBoy
Midre,badBoy
Argen,goodBoy
Galen,badBoy
Archi,goodBoy
Lavon,badBoy
Nicyx,badBoy
Ashle,goodBoy
Parks,badBoy
Zeddi,badBoy
Carey,badBoy
Manxx,badBoy
Arsie,goodBoy
Methy,badBoy
Vulax,goodBoy
Roser,badBoy
Loude,badBoy
Flona,badBoy
Wilbu,badBoy
Evele,badBoy
Glend,badBoy
Juddx,goodBoy
Elizz,badBoy
Virge,badBoy
Alyce,goodBoy
Ellis,badBoy
Angel,goodBoy
Jarvi,badBoy
Berne,badBoy
Ebenx,goodBoy
Carma,badBoy
Lalie,badBoy
Vanda,badBoy
Fitzh,badBoy
Theod,badBoy
Melia,badBoy
Armet,goodBoy
Midax,badBoy
Noren,badBoy
Frede,badBoy
Gunde,goodBoy
Sadao,badBoy
Eulen,goodBoy
Paril,badBoy
Aylen,goodBoy
Fredi,badBoy
Apolo,goodBoy
Madly,badBoy
Brews,badBoy
Marce,badBoy
Olama,badBoy
Rebec,badBoy
Zelph,badBoy
Bjarn,badBoy
Lawer,badBoy
Josep,badBoy
Litti,badBoy
Elver,badBoy
Abund,goodBoy
Lesti,badBoy
Laina,badBoy
Urhox,badBoy
Jensi,badBoy
Sinax,badBoy
Dorin,badBoy
Halvo,badBoy
Covie,badBoy
Rhodi,badBoy
Lornx,badBoy
Brutu,badBoy
Carol,badBoy
Trixi,badBoy
Lenus,badBoy
Ellxx,badBoy
Odaxx,badBoy
Nobie,badBoy
Luvin,goodBoy
Barre,badBoy
Alanx,goodBoy
Royal,badBoy
Leand,badBoy
Berna,badBoy
Orbin,badBoy
Nimro,badBoy
Viole,badBoy
Joshu,badBoy
Kizzi,badBoy
Luman,goodBoy
Malon,badBoy
Othel,badBoy
Hjalm,badBoy
Garli,badBoy
Franc,badBoy
Genev,badBoy
Thurl,badBoy
Venor,badBoy
Hughi,goodBoy
Emmyx,badBoy
Vardi,badBoy
Lanie,badBoy
Dosie,badBoy
Rosco,badBoy
Ozell,badBoy
Regin,badBoy
Wrayx,badBoy
Phine,badBoy
Kaise,badBoy
Lindl,badBoy
Lonia,badBoy
Lucky,goodBoy
Maxim,badBoy
Doret,badBoy
Donov,badBoy
Leann,badBoy
Hulbe,goodBoy
Soren,badBoy
Minet,badBoy
Laven,badBoy
Verva,badBoy
Burne,goodBoy
Josxx,badBoy
Phoeb,badBoy
Gilbe,badBoy
Posey,badBoy
Elvix,badBoy
Arnie,goodBoy
Panth,badBoy
Bubxx,goodBoy
Esley,badBoy
Alphe,goodBoy
Zarax,badBoy
Clevl,badBoy
Inisx,badBoy
Cleot,badBoy
Ottil,badBoy
Lovet,badBoy
Deena,badBoy
Marga,badBoy
Treas,badBoy
Chesl,badBoy
Ardal,goodBoy
Glend,badBoy
Print,badBoy
Azlee,goodBoy
Weymo,badBoy
Ersie,badBoy
Ulyes,badBoy
Abeli,goodBoy
Marie,badBoy
Alvax,goodBoy
Vanni,badBoy
Chani,badBoy
Derot,badBoy
Edoli,badBoy
Charl,badBoy
Amade,goodBoy
Lousi,badBoy
Gladi,badBoy
Dudle,goodBoy
Angie,goodBoy
Elmon,badBoy
Wacox,badBoy
Winfr,badBoy
Silve,badBoy
Hixie,badBoy
Girti,badBoy
Maril,badBoy
Pearl,badBoy
Margu,badBoy
Loney,badBoy
Willy,badBoy
Coley,badBoy
Lovin,badBoy
Rosem,badBoy
Euell,goodBoy
Roseb,badBoy
Aurel,goodBoy
Izona,badBoy
Morto,badBoy
Byrne,badBoy
Sever,badBoy
Verni,badBoy
Allei,goodBoy
Lanel,badBoy
Alexi,goodBoy
Therm,badBoy
Adama,goodBoy
Aurel,goodBoy
Madel,badBoy
Wayne,badBoy
Dicey,badBoy
Orlox,badBoy
Margi,badBoy
Verne,badBoy
Leaxx,badBoy
Kermi,badBoy
Burne,goodBoy
Brady,badBoy
Montf,badBoy
Tamot,badBoy
Fairx,badBoy
Veron,badBoy
Abiga,goodBoy
Peggi,badBoy
Luvad,goodBoy
Erlex,badBoy
Aderx,goodBoy
India,badBoy
Sabin,badBoy
Luell,goodBoy
Guine,goodBoy
Azema,goodBoy
Ronal,badBoy
Berna,badBoy
Leroy,badBoy
Faunx,badBoy
Edmae,badBoy
Nilli,badBoy
Tenne,badBoy
Ramon,badBoy
Bessy,badBoy
Sylve,badBoy
Masuk,badBoy
Oplex,badBoy
Tonni,badBoy
Fergu,badBoy
Devon,badBoy
Ilaxx,badBoy
Bunxx,goodBoy
Jenax,badBoy
Simue,badBoy
Dolor,badBoy
Recie,badBoy
Sebas,badBoy
Claud,badBoy
Evadn,badBoy
Malac,badBoy
Horto,badBoy
Maryc,badBoy
Usher,badBoy
Elvan,badBoy
Monte,badBoy
Ninni,badBoy
Reube,badBoy
Algot,goodBoy
Arnex,goodBoy
Laver,badBoy
Rosal,badBoy
Casey,badBoy
Dotty,badBoy
Easto,badBoy
Elnor,badBoy
Ethel,badBoy
Elith,badBoy
Sigmo,badBoy
Ermin,badBoy
Alzen,goodBoy
Larki,badBoy
Nolto,badBoy
Barto,badBoy
Teddi,badBoy
Asunt,goodBoy
Wally,badBoy
Sverr,badBoy
Etter,badBoy
Harlo,badBoy
Elvin,badBoy
Climx,badBoy
Maceo,badBoy
Lulax,goodBoy
Elphe,badBoy
Fusae,goodBoy
Zudie,goodBoy
Einar,badBoy
Denis,badBoy
Lewxx,badBoy
Eulan,goodBoy
Romol,badBoy
Venic,badBoy
Pecol,badBoy
Adrie,goodBoy
Hearl,badBoy
Fidel,badBoy
Conxx,badBoy
Welda,badBoy
Azali,goodBoy
Arlon,goodBoy
Audie,goodBoy
Ludmi,goodBoy
Leala,badBoy
Handy,badBoy
Burre,goodBoy
Elnor,badBoy
Myria,badBoy
Menni,badBoy
Endia,badBoy
Recto,badBoy
Seraf,badBoy
Amosx,goodBoy
Jorge,badBoy
Horac,badBoy
Arrie,goodBoy
Lenic,badBoy
Zelda,badBoy
Isido,badBoy
Julio,goodBoy
Freel,badBoy
Gerol,badBoy
Agapi,goodBoy
Warin,badBoy
Ellan,badBoy
Jimmy,badBoy
Laure,badBoy
Farle,badBoy
Bonna,badBoy
Laura,badBoy
Elsia,badBoy
Letti,badBoy
Cryst,badBoy
Theld,badBoy
Margr,badBoy
Chetx,badBoy
Laver,badBoy
Marga,badBoy
Addxx,goodBoy
Leand,badBoy
Miyox,badBoy
Lenna,badBoy
Saima,badBoy
Tildo,badBoy
Ameri,goodBoy
Venon,badBoy
Wilmi,badBoy
Isamx,badBoy
Cecel,badBoy
Delor,badBoy
Steve,badBoy
Thild,badBoy
Alber,goodBoy
Adine,goodBoy
Elyno,badBoy
Neomi,badBoy
Arvyx,goodBoy
Doric,badBoy
Hansf,badBoy
Detta,badBoy
Lovel,badBoy
Ellen,badBoy
Lalia,badBoy
Warre,badBoy
Arnox,goodBoy
Argyl,goodBoy
Ethal,badBoy
Commo,badBoy
Augus,goodBoy
Norah,badBoy
Basil,badBoy
Cleav,badBoy
Reyno,badBoy
Ethyl,badBoy
Majel,badBoy
Ludel,goodBoy
Medie,badBoy
Fredd,badBoy
Joann,badBoy
Amyex,goodBoy
Irwin,badBoy
Clari,badBoy
Demax,badBoy
Gilma,badBoy
Ariel,goodBoy
Ruben,goodBoy
Emmer,badBoy
Julia,goodBoy
Odisx,badBoy
Merto,badBoy
Velor,badBoy
Celes,badBoy
Adria,goodBoy
Remus,badBoy
Reaxx,badBoy
Verni,badBoy
Verbl,badBoy
Sydna,badBoy
Gaeta,badBoy
Eloxx,badBoy
Maure,badBoy
Amber,goodBoy
Birda,badBoy
Draxi,badBoy
Solom,badBoy
Lauri,badBoy
Verme,badBoy
Copel,badBoy
Lavid,badBoy
Migno,badBoy
Lorin,badBoy
Aniel,goodBoy
Ansel,goodBoy
Aulde,goodBoy
Frank,badBoy
Estie,badBoy
Beath,badBoy
Champ,badBoy
Huexx,goodBoy
Medri,badBoy
Louvi,badBoy
Olinx,badBoy
Hampt,badBoy
Sandr,badBoy
Rubye,goodBoy
Delmo,badBoy
Ester,badBoy
Irvan,badBoy
Lucil,goodBoy
Uralx,badBoy
Morle,badBoy
Maryl,badBoy
Gentr,badBoy
Vyola,badBoy
Luver,goodBoy
Marie,badBoy
Delle,badBoy
Morga,badBoy
Opalx,badBoy
Steph,badBoy
Santa,badBoy
Obedx,goodBoy
Colle,badBoy
Lemoy,badBoy
Ermel,badBoy
Major,badBoy
Johne,badBoy
Frans,badBoy
Marij,badBoy
Alver,goodBoy
Dorsi,badBoy
Marix,badBoy
Tillm,badBoy
Victo,badBoy
Renox,badBoy
Sandf,badBoy
Zigmu,badBoy
Deexx,badBoy
Queen,goodBoy
Reeve,badBoy
Mirlx,badBoy
Modea,badBoy
Justi,goodBoy
Lindo,badBoy
Rueyx,goodBoy
Levie,badBoy
Mille,badBoy
Doran,badBoy
Georg,badBoy
Jenci,badBoy
Adenx,goodBoy
Alyen,goodBoy
Lenet,badBoy
Charl,badBoy
Orvil,badBoy
Tempa,badBoy
Marti,badBoy
Herch,badBoy
Louve,badBoy
Noree,badBoy
Hazen,badBoy
Lowel,badBoy
Mikex,badBoy
Cleme,badBoy
Rhona,badBoy
Berth,badBoy
Delor,badBoy
Ivaxx,badBoy
Vitin,badBoy
Clevi,badBoy
Jesti,badBoy
Lyndo,badBoy
Faith,badBoy
Alpho,goodBoy
Gazel,badBoy
Wesle,badBoy
Justa,goodBoy
Tonit,badBoy
Burma,goodBoy
Agnit,goodBoy
Ovelx,badBoy
Othal,badBoy
Snowd,badBoy
Ellan,badBoy
Robin,badBoy
Winde,badBoy
Leigh,badBoy
Flodi,badBoy
Leath,badBoy
Oziex,badBoy
Haske,badBoy
Lizab,badBoy
Greyx,badBoy
Bluma,badBoy
Domit,badBoy
Narci,badBoy
Valde,badBoy
Anson,goodBoy
Anice,goodBoy
Cumix,goodBoy
Eppie,badBoy
Birde,badBoy
Brant,badBoy
Acyxx,goodBoy
Murry,goodBoy
Blasx,badBoy
Eular,goodBoy
Eugen,goodBoy
Hulda,goodBoy
Addie,goodBoy
Molly,badBoy
Ottil,badBoy
Cecil,badBoy
Welch,badBoy
Sever,badBoy
Kelli,badBoy
Fonxx,badBoy
Charl,badBoy
Ritax,badBoy
Arthe,goodBoy
Broth,badBoy
Eliex,badBoy
Merri,badBoy
Hogan,badBoy
Snowx,badBoy
Ethel,badBoy
Bazil,badBoy
Burle,goodBoy
Anett,goodBoy
Clari,badBoy
Clifo,badBoy
Berth,badBoy
Burtx,goodBoy
Wayla,badBoy
Elise,badBoy
Halen,badBoy
Allen,goodBoy
Vivie,badBoy
Arman,goodBoy
Alise,goodBoy
Lulla,goodBoy
Lauri,badBoy
Aagot,goodBoy
Jcxxx,badBoy
Gwend,badBoy
Llewe,badBoy
Aceyx,goodBoy
Marce,badBoy
Lonzi,badBoy
Harma,badBoy
Rumse,goodBoy
Ocaxx,badBoy
Darcu,badBoy
Marqu,badBoy
Myers,badBoy
Hisao,badBoy
Whitf,badBoy
Liber,badBoy
Lutax,goodBoy
Arrax,goodBoy
Bland,badBoy
Arbel,goodBoy
Elois,badBoy
Attax,goodBoy
Lidwi,badBoy
Lenwo,badBoy
Farre,badBoy
Huntx,goodBoy
Cloax,badBoy
Altha,goodBoy
Devoe,badBoy
Berne,badBoy
Arlet,goodBoy
Ellea,badBoy
Tenni,badBoy
Loyxx,badBoy
Niels,badBoy
Harve,badBoy
Rilli,badBoy
Meril,badBoy
Rober,badBoy
Cleof,badBoy
Deett,badBoy
Guida,goodBoy
Feliz,badBoy
Alkax,goodBoy
Evald,badBoy
Salva,badBoy
Romex,badBoy
Yarox,badBoy
Exaxx,badBoy
Helen,badBoy
Ruthe,goodBoy
Patri,badBoy
Lynel,badBoy
Sadam,badBoy
Genne,badBoy
Odell,badBoy
Gurle,goodBoy
Mabel,badBoy
Azell,goodBoy
Hassi,badBoy
Grazi,badBoy
Sybil,badBoy
Erbie,badBoy
Alien,goodBoy
Milam,badBoy
Yukik,goodBoy
Patri,badBoy
Lucin,goodBoy
Motie,badBoy
Rinda,badBoy
Bessy,badBoy
Thurb,badBoy
Thadx,badBoy
Leoni,badBoy
Garne,badBoy
Raphe,badBoy
Medfo,badBoy
Cammi,badBoy
Celes,badBoy
Elson,badBoy
Genov,badBoy
Jospe,badBoy
Ivern,badBoy
Mrytl,badBoy
Magxx,badBoy
Graci,badBoy
Kimxx,badBoy
Catti,badBoy
Casil,badBoy
Clari,badBoy
Domen,badBoy
Alved,goodBoy
Libra,badBoy
Donac,badBoy
Delor,badBoy
Ermie,badBoy
Leexx,badBoy
Jeann,badBoy
Ander,goodBoy
Eveli,badBoy
Evali,badBoy
Eronx,badBoy
Marge,badBoy
Woodr,badBoy
Montg,badBoy
Haywa,badBoy
Nemax,badBoy
Zelli,badBoy
Savan,badBoy
Hayes,badBoy
Liber,badBoy
Delph,badBoy
Emmal,badBoy
Adaly,goodBoy
Chels,badBoy
Glend,badBoy
Palmi,badBoy
Wende,badBoy
Kathl,badBoy
Mayet,badBoy
Sever,badBoy
Carme,badBoy
Embry,badBoy
Leman,badBoy
Verne,badBoy
Irvin,badBoy
Eathe,badBoy
Loren,badBoy
Finis,badBoy
Saddi,badBoy
Colqu,badBoy
Clyde,badBoy
Benax,badBoy
Myrtu,badBoy
Louri,badBoy
Cloex,badBoy
Walle,badBoy
Eloyx,badBoy
Mosex,badBoy
Evang,badBoy
Valer,badBoy
Seabx,badBoy
Levet,badBoy
Enola,badBoy
Lenzi,badBoy
Vetox,badBoy
Barna,badBoy
Vieno,badBoy
Reidx,badBoy
Fordx,badBoy
Osceo,badBoy
Horat,badBoy
Alzad,goodBoy
Stani,badBoy
Pompx,badBoy
Ransf,badBoy
Aloys,goodBoy
Onell,badBoy
Masam,badBoy
Marsd,badBoy
Hugox,goodBoy
Marce,badBoy
Lazel,badBoy
Elane,badBoy
Berti,badBoy
Sherl,badBoy
Arthe,goodBoy
Chalm,badBoy
Carli,badBoy
Jonat,badBoy
Nicol,badBoy
Catox,badBoy
Iwaox,badBoy
Ellen,badBoy
Gleex,badBoy
Leacy,badBoy
Merle,badBoy
Lenox,badBoy
Annis,goodBoy
Winni,badBoy
Alphx,goodBoy
Gleny,badBoy
Ferre,badBoy
Leifx,badBoy
Cheri,badBoy
Ubald,goodBoy
Texan,badBoy
Bevie,badBoy
Isabe,badBoy
Loren,badBoy
Geron,badBoy
Hersc,badBoy
Mariu,badBoy
Aveli,goodBoy
Frede,badBoy
Godfr,badBoy
Teres,badBoy
Luell,goodBoy
Yoshi,badBoy
Maryj,badBoy
Judit,goodBoy
Florn,badBoy
Sarin,badBoy
Katri,badBoy
Ophax,badBoy
Jeral,badBoy
Zacha,badBoy
Halex,badBoy
Valto,badBoy
Gaylo,badBoy
Almon,goodBoy
Sudie,goodBoy
Syble,badBoy
Ellis,badBoy
Pioet,badBoy
Phare,badBoy
Tivis,badBoy
Shedr,badBoy
Regen,badBoy
Elixx,badBoy
Pauli,badBoy
Buela,goodBoy
Jeffr,badBoy
Pinke,badBoy
Olene,badBoy
Carri,badBoy
Ladon,badBoy
Gideo,badBoy
Tecor,badBoy
Reinh,badBoy
Loena,badBoy
Jeron,badBoy
Endax,badBoy
Lemax,badBoy
Linde,badBoy
Vione,badBoy
Barbe,badBoy
Debor,badBoy
Saint,badBoy
Orenx,badBoy
Barcl,badBoy
Quint,goodBoy
Emili,badBoy
Model,badBoy
Verla,badBoy
Gearl,badBoy
Ebene,goodBoy
Illen,badBoy
Holla,badBoy
Zilla,badBoy
Marri,badBoy
Lucen,goodBoy
Medax,badBoy
Fermi,badBoy
Sterl,badBoy
Morri,badBoy
Farme,badBoy
Lovel,badBoy
Farri,badBoy
Evaly,badBoy
Hillx,badBoy
Laura,badBoy
Hatsu,badBoy
Wesxx,badBoy
Tavie,badBoy
Rosen,badBoy
Steph,badBoy
Nesto,badBoy
Edmon,badBoy
Sular,goodBoy
Oleet,badBoy
Eddie,badBoy
Brack,badBoy
Annic,goodBoy
Alden,goodBoy
Ezora,badBoy
Henri,badBoy
Bunic,goodBoy
Deroy,badBoy
Isomx,badBoy
Perri,badBoy
Remig,badBoy
Larax,badBoy
Maris,badBoy
Alfor,goodBoy
Orlan,badBoy
Rolen,badBoy
Calog,badBoy
Charl,badBoy
Zenon,badBoy
Erman,badBoy
Barry,badBoy
Charm,badBoy
Deana,badBoy
Verlo,badBoy
Lolox,badBoy
Huber,goodBoy
Essex,badBoy
Amado,goodBoy
Veikk,badBoy
Roxey,badBoy
Estal,badBoy
Ianth,badBoy
Elsax,badBoy
Thora,badBoy
Parma,badBoy
Nolon,badBoy
Rever,badBoy
Vince,badBoy
Franc,badBoy
Verne,badBoy
Willy,badBoy
Bobxx,badBoy
Talma,badBoy
Adali,goodBoy
Quinc,goodBoy
Mazyx,badBoy
Lonex,badBoy
Genel,badBoy
Torib,badBoy
Flora,badBoy
Cloti,badBoy
Rosen,badBoy
Hulet,goodBoy
Bulea,goodBoy
Gelen,badBoy
Bever,badBoy
Yasuk,badBoy
Eleno,badBoy
Truem,badBoy
Elnax,badBoy
Mattx,badBoy
Awand,goodBoy
Berli,badBoy
Authe,goodBoy
Halax,badBoy
Major,badBoy
Jenki,badBoy
Eulla,goodBoy
Garfi,badBoy
Venet,badBoy
Haden,badBoy
Hermi,badBoy
Wintr,badBoy
Tecla,badBoy
Inesx,badBoy
Valed,badBoy
Allea,goodBoy
Fayex,badBoy
Const,badBoy
Dakot,badBoy
Fermo,badBoy
Kathl,badBoy
Gaile,badBoy
Simeo,badBoy
Duffx,goodBoy
Zolli,badBoy
Idama,badBoy
Vince,badBoy
Fabio,badBoy
Virgi,badBoy
Rosyx,badBoy
Tobie,badBoy
Everl,badBoy
Loeta,badBoy
Chalm,badBoy
Balbi,badBoy
Enriq,badBoy
Tamer,badBoy
Robby,badBoy
Court,badBoy
Senie,badBoy
Almer,goodBoy
Ambro,goodBoy
Frona,badBoy
Erene,badBoy
Tress,badBoy
Calxx,badBoy
Cabel,badBoy
Sadye,badBoy
Lance,badBoy
Genev,badBoy
Carol,badBoy
Peggy,badBoy
Peyto,badBoy
Corbi,badBoy
Hiram,badBoy
Edrax,badBoy
Junui,goodBoy
Edlow,badBoy
Oriex,badBoy
Carne,badBoy
Mered,badBoy
Asile,goodBoy
Ulice,badBoy
Leott,badBoy
Marci,badBoy
Buena,goodBoy
Eliot,badBoy
Oralx,badBoy
Chlor,badBoy
Odena,badBoy
Hueyx,goodBoy
Ellor,badBoy
Natxx,badBoy
Wauni,badBoy
Drexe,badBoy
Enice,badBoy
Harpe,badBoy
Delin,badBoy
Adams,goodBoy
Ephra,badBoy
Estal,badBoy
Lynni,badBoy
Marci,badBoy
Hollo,badBoy
Rowex,badBoy
Hilah,badBoy
Lelan,badBoy
Renie,badBoy
Edker,badBoy
Elizb,badBoy
Darax,badBoy
Almon,goodBoy
Renex,badBoy
Janin,badBoy
Elwar,badBoy
Emeri,badBoy
Meldo,badBoy
Regin,badBoy
Nanna,badBoy
Joean,badBoy
Erlin,badBoy
Venso,badBoy
Rozel,badBoy
Langd,badBoy
Sever,badBoy
Ilsex,badBoy
Hilar,badBoy
Eliza,badBoy
Isalx,badBoy
Noahx,badBoy
Nadin,badBoy
Wilfr,badBoy
Sanni,badBoy
Creel,badBoy
Adele,goodBoy
Delth,badBoy
Irlxx,badBoy
Aurel,goodBoy
Toula,badBoy
Viren,badBoy
Margu,badBoy
Hasto,badBoy
Manet,badBoy
Fanxx,badBoy
Kazim,badBoy
Lorel,badBoy
Melis,badBoy
Dalbe,badBoy
Netta,badBoy
Giffo,badBoy
Yvonn,badBoy
Moden,badBoy
Squir,badBoy
Fread,badBoy
Genev,badBoy
Curry,goodBoy
Jozef,badBoy
Sigxx,badBoy
Atwel,goodBoy
Kenne,badBoy
Lorra,badBoy
Vaugh,badBoy
Becky,badBoy
Lucia,goodBoy
Quinn,goodBoy
Waldi,badBoy
Gerso,badBoy
Glena,badBoy
Alejo,goodBoy
Prici,badBoy
Anton,goodBoy
Ancil,goodBoy
Carli,badBoy
Monet,badBoy
Matsu,badBoy
Burne,goodBoy
Malet,badBoy
Rozie,badBoy
Gaylo,badBoy
Estol,badBoy
Durwa,goodBoy
Lotxx,badBoy
Ladis,badBoy
Mearl,badBoy
Lomie,badBoy
Sheld,badBoy
Renda,badBoy
Nanet,badBoy
Matty,badBoy
Evonx,badBoy
Chann,badBoy
Colle,badBoy
Hersc,badBoy
Zorah,badBoy
Marko,badBoy
Ellee,badBoy
Fumix,goodBoy
Ovalx,badBoy
Flora,badBoy
Leoka,badBoy
Toxie,badBoy
Marvi,badBoy
Tessx,badBoy
Flint,badBoy
Flemi,badBoy
Osbor,badBoy
Lealo,badBoy
Jetta,badBoy
Charl,badBoy
Lavel,badBoy
Arwil,goodBoy
Gener,badBoy
Margo,badBoy
Rosal,badBoy
Renet,badBoy
Elvia,badBoy
Eugen,goodBoy
Orvil,badBoy
Coyxx,badBoy
Odess,badBoy
Spenc,badBoy
Anton,goodBoy
Augus,goodBoy
Pluma,badBoy
Rosai,badBoy
Aggie,goodBoy
Eualx,goodBoy
Bened,badBoy
Leath,badBoy
Angel,goodBoy
Thell,badBoy
Arlyn,goodBoy
Ezmax,badBoy
Frede,badBoy
Lucio,goodBoy
Rosar,badBoy
Trent,badBoy
Hobar,badBoy
Elmet,badBoy
Phill,badBoy
Ozzie,badBoy
Miche,badBoy
Vader,badBoy
Lonet,badBoy
Eusta,goodBoy
Kikuy,badBoy
Caper,badBoy
Glada,badBoy
Ellin,badBoy
Orphi,badBoy
Eithe,badBoy
Karma,badBoy
Merci,badBoy
Larce,badBoy
Ervin,badBoy
Lecie,badBoy
Aurel,goodBoy
Adalb,goodBoy
Thurm,badBoy
Isisx,badBoy
Varne,badBoy
Hatti,badBoy
Garne,badBoy
Bunni,goodBoy
Willa,badBoy
Zepha,badBoy
Cleme,badBoy
Haddi,badBoy
Delle,badBoy
Luzxx,goodBoy
Annel,goodBoy
Mozel,badBoy
Beatr,badBoy
Calho,badBoy
Fongx,badBoy
Ruden,goodBoy
Wilso,badBoy
Emuel,badBoy
Ginge,badBoy
Emmer,badBoy
Berdi,badBoy
Goffx,badBoy
Celli,badBoy
Yutak,goodBoy
Euelx,goodBoy
Hasse,badBoy
Warne,badBoy
Modin,badBoy
Melba,badBoy
Craig,badBoy
Harle,badBoy
Hazel,badBoy
Vemax,badBoy
Emmie,badBoy
Eldor,badBoy
Ottax,badBoy
Perci,badBoy
Ranni,badBoy
Maybe,badBoy
Dolor,badBoy
Leoka,badBoy
Azali,goodBoy
Cainx,badBoy
Ralph,badBoy
Josia,badBoy
Emanu,badBoy
Dougl,badBoy
Renar,badBoy
Yoshi,badBoy
Darre,badBoy
Verne,badBoy
Judah,goodBoy
Edgar,badBoy
Rilla,badBoy
Biagi,badBoy
Erwin,badBoy
Ingva,badBoy
Parle,badBoy
Izola,badBoy
Talle,badBoy
Mozet,badBoy
Ramah,badBoy
Horte,badBoy
Watts,badBoy
Sherm,badBoy
Virgi,badBoy
Willi,badBoy
Orlax,badBoy
Rober,badBoy
Hecto,badBoy
Ludwi,goodBoy
Zilli,badBoy
Walto,badBoy
Algax,goodBoy
Merre,badBoy
Miche,badBoy
Evell,badBoy
Willi,badBoy
Burni,goodBoy
Carma,badBoy
Dolan,badBoy
Decie,badBoy
Newel,badBoy
Laroy,badBoy
Sondr,badBoy
Eleon,badBoy
Westx,badBoy
Allyc,goodBoy
Ianth,badBoy
Tosca,badBoy
Lutie,goodBoy
Elwoo,badBoy
Mavax,badBoy
Bossx,badBoy
Liber,badBoy
Gusta,goodBoy
Lemmi,badBoy
Amede,goodBoy
Idale,badBoy
Iclex,badBoy
Corab,badBoy
Murie,goodBoy
Aldea,goodBoy
Alein,goodBoy
Alger,goodBoy
Regin,badBoy
Gladi,badBoy
Sylvi,badBoy
Hyxxx,badBoy
Simmo,badBoy
Remer,badBoy
Cirox,badBoy
Harde,badBoy
Jeffx,badBoy
Truxt,badBoy
Alger,goodBoy
Deanx,badBoy
Bradf,badBoy
Eilax,badBoy
Ludwi,goodBoy
Marge,badBoy
Lever,badBoy
Marty,badBoy
Carde,badBoy
Athel,goodBoy
Sherl,badBoy
Ottis,badBoy
Kylex,badBoy
Efton,badBoy
Thorv,badBoy
Leano,badBoy
Kirkl,badBoy
Norve,badBoy
Ottil,badBoy
Marva,badBoy
Pinky,badBoy
Audri,goodBoy
Limax,badBoy
Shozo,badBoy
Hallx,badBoy
Abexx,goodBoy
Joxxx,badBoy
Corri,badBoy
Maril,badBoy
Eulog,goodBoy
Venit,badBoy
Ludvi,goodBoy
Sonia,badBoy
Nickx,badBoy
Uraxx,badBoy
Dewar,badBoy
Marce,badBoy
Antha,goodBoy
Lavel,badBoy
Foste,badBoy
Julia,goodBoy
Reona,badBoy
Valar,badBoy
Willo,badBoy
Lindy,badBoy
Mylax,badBoy
Lolla,badBoy
Aurth,goodBoy
Evari,badBoy
Karol,badBoy
Elick,badBoy
Kazuk,badBoy
Mauri,badBoy
Elmor,badBoy
Coret,badBoy
Lanit,badBoy
Eugun,goodBoy
Germa,badBoy
Evart,badBoy
Sheil,badBoy
Shiel,badBoy
Elodi,badBoy
Lular,goodBoy
Curle,goodBoy
Merti,badBoy
Doryc,badBoy
Benso,badBoy
Suexx,goodBoy
Letha,badBoy
Charm,badBoy
Ardyc,goodBoy
Corne,badBoy
Calli,badBoy
Eddit,badBoy
Renol,badBoy
Clent,badBoy
Liset,badBoy
Dorse,badBoy
Antoi,goodBoy
Delvi,badBoy
Lorea,badBoy
Ivyxx,badBoy
Tynex,badBoy
Olwen,badBoy
Albin,goodBoy
Lauri,badBoy
Jemmi,badBoy
Franc,badBoy
Darth,badBoy
Sonja,badBoy
Morax,badBoy
Abiex,goodBoy
Debor,badBoy
Melin,badBoy
Bartl,badBoy
Elzia,badBoy
Marag,badBoy
Legra,badBoy
Plato,badBoy
Tossi,badBoy
Ledax,badBoy
Alver,goodBoy
Elmed,badBoy
Emmit,badBoy
Ludor,goodBoy
Barbr,badBoy
Coste,badBoy
Leoni,badBoy
Sincl,badBoy
Crawl,badBoy
Masas,badBoy
Lowry,badBoy
Valma,badBoy
Heber,badBoy
Eldor,badBoy
Cleda,badBoy
Rosez,badBoy
Gwlad,badBoy
Natex,badBoy
Marte,badBoy
Patte,badBoy
Yonek,badBoy
Maril,badBoy
Lafay,badBoy
Letch,badBoy
Naomi,badBoy
Claib,badBoy
Armin,goodBoy
Mahal,badBoy
Alanz,goodBoy
Gregg,badBoy
Thres,badBoy
Orlen,badBoy
Argle,goodBoy
Narci,badBoy
Masae,badBoy
Inasx,badBoy
Valen,badBoy
Lucie,goodBoy
Evexx,badBoy
Nunzi,goodBoy
Armst,goodBoy
Soila,badBoy
Chris,badBoy
Oland,badBoy
Albax,goodBoy
Catal,badBoy
Shepp,badBoy
Waver,badBoy
Curtx,goodBoy
Flore,badBoy
Verne,badBoy
Rella,badBoy
Dixie,badBoy
Jethr,badBoy
Ercel,badBoy
Velvi,badBoy
Flore,badBoy
Lotty,badBoy
Wilbe,badBoy
Coren,badBoy
Flori,badBoy
Tempy,badBoy
Dowxx,badBoy
Olarx,badBoy
Brace,badBoy
Tadas,badBoy
Nesbi,badBoy
Hagan,badBoy
Garri,badBoy
Killi,badBoy
Hober,badBoy
Meadi,badBoy
Memph,badBoy
Jenet,badBoy
Presl,badBoy
Shirl,badBoy
Abbxx,goodBoy
Loret,badBoy
Blyth,badBoy
Olgie,badBoy
Rekax,badBoy
Nilex,badBoy
Dulce,goodBoy
Charl,badBoy
Chris,badBoy
Ersil,badBoy
Anell,goodBoy
Hughe,goodBoy
Evvax,badBoy
Vella,badBoy
Linza,badBoy
Robin,badBoy
Flour,badBoy
Levix,badBoy
Modie,badBoy
Ellyn,badBoy
Herth,badBoy
Vanet,badBoy
Maret,badBoy
Lucie,goodBoy
Mitti,badBoy
Humbe,goodBoy
Renee,badBoy
Henre,badBoy
Othox,badBoy
Miner,badBoy
Carme,badBoy
Petex,badBoy
Ezelx,badBoy
Gabin,badBoy
Annas,goodBoy
Shirl,badBoy
Nelsi,badBoy
Judge,goodBoy
Estax,badBoy
Harri,badBoy
Corin,badBoy
Ervin,badBoy
Flore,badBoy
Maryb,badBoy
Burli,goodBoy
Quinc,goodBoy
Darly,badBoy
Theon,badBoy
Belfo,badBoy
Damie,badBoy
Olivi,badBoy
Kathe,badBoy
Reeve,badBoy
Rodge,badBoy
Mazel,badBoy
Lavon,badBoy
Mitzi,badBoy
Evlyn,badBoy
Mauri,badBoy
Lucre,goodBoy
Parth,badBoy
Bonne,badBoy
Audri,goodBoy
Lemue,badBoy
Hezzi,badBoy
Harla,badBoy
Pamel,badBoy
Mcdon,badBoy
Imeld,badBoy
Cyril,badBoy
Ginev,badBoy
Willm,badBoy
Fonda,badBoy
Leida,badBoy
Roena,badBoy
Linie,badBoy
Estel,badBoy
Rosal,badBoy
Lorie,badBoy
Selma,badBoy
Eliss,badBoy
Madel,badBoy
Weeda,badBoy
Audre,goodBoy
Flori,badBoy
Jacin,badBoy
Doshi,badBoy
Rosie,badBoy
Maria,badBoy
Urixx,badBoy
Victo,badBoy
Abbot,goodBoy
Marxx,badBoy
Seibe,badBoy
Willi,badBoy
Rochu,badBoy
Harry,badBoy
Waymo,badBoy
Marga,badBoy
Nilax,badBoy
Golax,badBoy
Corin,badBoy
Netti,badBoy
Moden,badBoy
Lorne,badBoy
Madal,badBoy
Loyde,badBoy
Granv,badBoy
Pietr,badBoy
Lalox,badBoy
Vivie,badBoy
Franc,badBoy
Carme,badBoy
Terre,badBoy
Calis,badBoy
Durel,goodBoy
Delto,badBoy
Natha,badBoy
Sinfo,badBoy
Conch,badBoy
Clovi,badBoy
Willo,badBoy
Casme,badBoy
Earle,badBoy
Dorat,badBoy
Liddy,badBoy
Jepxx,badBoy
Reece,badBoy
Berna,badBoy
Onnol,badBoy
Under,badBoy
Signo,badBoy
Vicax,badBoy
Zenas,badBoy
Merdi,badBoy
Nesbi,badBoy
Cepha,badBoy
Maggi,badBoy
Jenev,badBoy
Yvett,badBoy
Steph,badBoy
Dorot,badBoy
Zygmu,badBoy
Teexx,badBoy
Roman,badBoy
Zerel,badBoy
Fulle,goodBoy
Eloys,badBoy
Ludia,goodBoy
Beatr,badBoy
Alphi,goodBoy
Gracy,badBoy
Artxx,goodBoy
Janie,badBoy
Hener,badBoy
Gibso,badBoy
Finni,badBoy
Monfo,badBoy
Elwyn,badBoy
Kalma,badBoy
Verne,badBoy
Kenni,badBoy
Carly,badBoy
Readx,badBoy
Melis,badBoy
Atwoo,goodBoy
Dolor,badBoy
Hermo,badBoy
Romul,badBoy
Adina,goodBoy
Clois,badBoy
Rockx,badBoy
Audin,goodBoy
Willo,badBoy
Coset,badBoy
Ikexx,badBoy
Helyn,badBoy
Rubyx,goodBoy
Lylia,badBoy
Fento,badBoy
Eulic,goodBoy
Gueri,goodBoy
Micha,badBoy
Madgi,badBoy
Josef,badBoy
Ethna,badBoy
Maitl,badBoy
Rosel,badBoy
Doylx,badBoy
Lenax,badBoy
Renne,badBoy
Libbi,badBoy
Fortu,badBoy
Loret,badBoy
Bartl,badBoy
Lavad,badBoy
Vetax,badBoy
Isole,badBoy
Wiste,badBoy
Thirz,badBoy
Glady,badBoy
Marye,badBoy
Omahx,badBoy
Persi,badBoy
Arlin,goodBoy
Binax,badBoy
Allax,goodBoy
Lloyd,badBoy
Custe,goodBoy
Sutto,goodBoy
Chane,badBoy
Lynde,badBoy
Teodo,badBoy
Berti,badBoy
Rosan,badBoy
